aaj tak,aaj tak live,airtel,amazon,amazon india,amazon prime,amazon prime video,anushka sharma,anydesk,apkpure,apple,apple india,axis bank,bala subramanyam,balasubramaniam,bandish bandits,banglarbhumi,bank of baroda,barcelona,bayern munich,bayern vs sevilla,bet365,bhagat singh,bhagat singh birthday,bhagat singh jayanti,bhagyalakshmi,bhojpuri gana,big basket,bihar election,bipolar disorder,birthday wishes,birthday wishes for friend,blue dart,breathe into the shadows,bse sensex,bts,calculator,cams ipo allotment status,cartoon,casb,cbd oil,cbse,chelsea,chemcon ipo allotment status,cool photos,coronavirus,coronavirus india,covid-19,cricbuzz,cricinfo,cricket,croma,csk,csk vs dc,dainik jagran,daughter day 2020,daughters day,daughters day 2020,daughters day quotes,dc vs csk,dean jones cricketer,deepika padukone,delhi police,dil bechara,diwali 2020,dog,dollar to inr,dominos,doraemon,dow jones,dream11,du,edistrict,education,eenadu,england vs pakistan,england vs west indies,english to hindi,english to hindi translation,english to marathi,english to tamil,enola holmes,epf login,epfo,epl,eway bill,f1,facebook,facebook login,fall guys,fb login,fc barcelona,ferns and petals,find my device,firstcry,fitness,flipkart,free fire,freejobalert,french open,french to english,ghd sports,gmail,gmail login,gold price,gold rate today,good morning,google,google classroom,google drive,google meet,google translate,gst,gst login,hanuman chalisa,hanuman chalisa lyrics,happy birthday,happy birthday wishes,happy daughters day,happy daughters day 2020,hdfc,hdfc bank,hdfc net banking,hdfc netbanking,hindi news,hindi to english,hindi to english translation,hogatoga,hotstar,hscap,icici bank,ignou,images,instagram,instagram login,ipl,ipl 2020,ipl 2020 live,ipl live score,ipl live score 2020,ipl points table,ipl schedule,ipl score,irctc,ishan kishan,jaswant singh,jee advanced,jee advanced 2020,jee main,jio,jio customer care,jio customer care number,jio fiber,jio phone,jio recharge,jio tv,jiomart,jpg to pdf,just dial,justin bieber,juventus,kahoot,kangana ranaut,karan johar,kareena kapoor,katrina kaif,kedarnath,kerala lottery result,khatrimaza,khuda hafiz,kia sonet,kkr,kkr vs mi,kkr vs srh,kl rahul,kospi,kotak mahindra bank,kriti sanon,kxip vs rcb,kxip vs rr,la liga,laptop,lata mangeshkar,latest news,lenskart,lic,lic login,linkedin,live ipl,live news,live score,live score ipl 2020,liverpool,liverpool vs arsenal,lottery sambad,love,make my trip,manchester united,manmohan singh,matka,mehandi design,mi,mi vs rcb,microsoft teams,minecraft,moneycontrol,motu patlu,mpl,mumbai indians,mx player,my activity,myntra,naukri,navratri 2020,ncert,ndtv,neet result 2020,netflix,new movies,new songs,news,news in hindi,nifty,nios,nora fatehi,nykaa,office 365,ok google,ola,olx,one plus,oneplus nord,onlinesbi,ookla speed test,oppo,oppo f17 pro,osmose technology,outlook,paperearn,parivahan,paytm,pdf to word,pinterest,play store,pm kisan,pnr status,premier league,prime video,pubg,pubg mobile,pubg mobile lite,qr code scanner,quarantine,quick heal,quikr,quinoa,quizizz,quora,quotes,quotes on daughters day,quotes on life,qutub minar,rahul tewatia,rajasthan royals,rakul preet singh,ration card,rcb,rcb vs kxip,rcb vs mi,real madrid,realme,realme 6,realme 6 pro,rediffmail,redmi note 8,redmi note 8 pro,redmi note 9 pro,remove bg,restaurants near me,rhea chakraborty,rr vs kxip,sanju samson,sara ali khan,sarkari exam,satta,satta king,sbi,sbi online,shakuntala devi,shubman gill,snapdeal,sol,sp balasubramaniam,spb,spb death,speed test,srh vs kkr,ssc,sunil gavaskar,sushant singh rajput,tap tap,tata sky,technewztop,telegram,tewatia,tik tok,times of india,today ipl match,translate,translate english to hindi,truecaller,twitter,uan,uc browser,udemy,uefa super cup,ufc 253,ugc,uidai,unacademy,unlock 5.0,uppcl,uppsc,upsc,urban clap,usd to inr,uwatchfree,video,vidmate,vidmate apk,vijay sales,vikas dubey,virat kohli,vivo,vivo s1,vivo v19,vodafone,vodafone idea share price,voot,vtu results,vyapam,wallpaper,wallpaper hd,weather,weather today,wetransfer,whatsapp,whatsapp web,when is daughters day,whitehat jr,who invented telescope,word to pdf,world heart day,world map,world pharmacist day,world tourism day,worldometer,x,xbox,xcx,xender,xiaomi,xpressbees,xuv 500,xuv300,xxl,xxv,xxxtentacion,y,y2mate,yahoo,yahoo mail,yes bank,yes bank share,yesterday ipl match,yesudas,you,youtube,youtube to mp3,youtube videos,zara,zayn malik,zee news,zee news live,zee5,zerodha,zohra sehgal,zomato,zoom,zoom app,zoom download,zoom meeting
2,6,,1,8,3,4,,7,,10,5,9,3,2,,,7,,5,4,6,,,,,,8,,,1,,9,,,10,7,,,,,8,,,,2,9,5,1,6,3,10,,4,9,,,,,,2,3,8,10,4,,,7,,1,5,6,6,,5,,10,1,3,9,7,4,,2,,8,,1,,10,,,9,6,7,8,2,3,4,,5,,2,4,7,9,,1,6,10,5,3,,8,8,,9,7,,,5,10,,4,6,3,,2,1,,,7,9,2,8,,1,6,3,,,10,4,5,,,,,8,6,5,,7,9,3,,1,2,4,10,,9,4,,5,8,,,,7,3,,,,2,10,6,,1,,,10,,5,7,6,,3,4,9,1,,8,,,2,5,,,8,10,6,,3,,7,,9,,4,2,1,7,3,,6,,2,4,,1,9,8,5,,10,8,,9,1,7,3,2,6,5,4,,10,2,9,7,,10,4,1,6,,,3,8,5,9,7,10,6,8,4,2,1,,3,5,,,7,,2,1,,,8,,,3,5,,6,10,9,4,,,,,4,2,10,6,,,,7,,1,5,3,,,9,8,9,10,3,,,7,6,2,1,5,8,4,3,10,5,6,,,1,9,,7,,4,,2,8,1,2,7,8,,4,6,10,9,,5,3,,,8,4,2,6,,3,1,,,,7,,10,9,,5,1,10,3,7,5,8,,9,6,4,2,9,7,,2,8,4,3,,5,1,6,10,6,2,9,7,3,10,,4,1,5,8,
2,5,,1,8,3,4,,7,,10,6,9,3,2,,,7,,5,4,6,,,,,,8,,,1,,9,,,10,7,,,,,8,,,,2,9,5,1,6,3,10,,4,9,,,,,,5,2,8,10,3,,,7,,1,4,6,6,,5,10,9,1,3,,7,4,,2,,8,,1,,10,,,9,6,7,8,2,3,4,,5,,2,4,7,9,,1,6,10,5,3,,8,8,,9,7,,,5,10,,4,6,3,,2,1,,,7,9,2,8,,1,6,3,,,10,4,5,,,,,8,6,5,9,7,10,3,,1,2,4,,,9,4,,5,8,,,,7,3,,,,2,10,6,,1,,,10,,5,7,6,,3,4,9,1,,8,,,2,5,,,7,8,6,,3,,10,,9,,4,2,1,7,3,,6,,2,4,,1,9,8,5,,10,8,,9,1,7,3,2,6,5,4,,10,2,9,7,,10,4,1,6,,,3,8,5,9,7,10,6,8,5,2,1,,3,4,,,8,,2,1,,,7,,,3,5,,6,10,9,4,,,,,4,2,10,6,,,,7,,1,5,3,,,9,8,9,10,3,,,7,6,2,1,5,8,4,3,10,5,6,,,1,9,,7,,4,,2,8,1,2,7,8,,4,6,10,9,,5,3,,,8,4,2,6,,3,1,,,,7,,10,9,,5,1,8,3,7,5,9,,10,6,4,2,9,7,,2,8,4,3,,5,1,6,10,6,2,9,7,3,10,,4,1,5,8,
2,5,,1,8,3,4,,7,,10,6,9,3,2,,,7,,5,4,6,,,,,,8,,,1,,9,,,10,7,,,,,8,,,,3,9,5,1,6,4,10,,2,10,,,,,7,6,2,9,,3,,,8,,1,4,5,6,,5,,10,1,3,9,7,4,,2,,8,,1,,10,,,9,6,7,8,2,3,4,,5,,2,4,7,9,,1,6,10,5,3,,8,8,,9,7,,,5,10,,4,6,3,,2,1,,,7,9,2,8,,1,6,3,,,10,4,5,,,,,8,6,5,9,7,10,3,,1,2,4,,,9,4,,5,8,,,,7,3,,,,2,10,6,,1,,,10,,5,7,6,,3,4,9,1,,8,,,2,5,,,9,8,6,,3,,10,,7,,4,2,1,7,3,,6,,2,4,,1,9,8,5,,10,8,,9,1,7,3,2,6,5,4,,10,1,9,7,,10,4,2,6,,,3,8,5,9,7,10,6,8,5,2,1,,3,4,,,9,,3,1,,,7,,,2,5,,6,10,8,4,,,,,4,3,10,6,,,,7,,1,5,2,,,9,8,9,10,3,,,7,6,2,1,5,8,4,3,10,5,6,,,1,9,,7,,4,,2,8,1,2,7,8,,4,6,10,9,,5,3,,,8,4,2,7,,3,1,,,,6,,10,9,,5,1,9,3,7,5,8,,10,6,4,2,9,7,,2,8,4,3,,5,1,6,10,6,3,9,7,2,10,,4,1,5,8,
2,5,,1,8,3,4,,7,10,,6,9,3,2,,,7,,5,4,6,,,,,,8,,,1,,9,,,10,7,,,,,8,,,,3,9,5,1,6,4,,10,2,,,,,,2,7,3,9,10,4,,,8,,1,5,6,6,,4,,10,1,3,9,7,5,,2,,8,,1,,10,,,9,6,7,8,2,3,4,,5,,2,4,7,9,,1,6,10,5,3,,8,8,,9,7,,,5,10,,4,6,3,,2,1,,,7,9,1,8,,2,6,3,,,10,4,5,,,,,8,6,5,9,7,10,3,,1,2,4,,,10,4,,5,9,,,7,8,3,,,,2,,6,,1,,,10,,5,7,6,,3,4,9,1,,8,,,2,5,,,9,8,6,,3,,10,,7,,4,2,1,7,3,,6,,2,4,,1,9,8,5,,10,8,,9,1,7,3,2,6,5,4,,10,1,9,7,,10,4,2,6,,,3,8,5,9,7,10,6,8,5,2,1,,3,4,,,9,,4,1,,,7,,,2,5,,6,10,8,3,,,,,4,3,10,6,,,,7,,1,5,2,,,9,8,9,10,3,,,7,6,2,1,5,8,4,3,10,5,6,,,1,9,,7,,4,,2,8,1,2,7,8,,4,6,10,9,,5,3,,,8,4,2,6,,3,1,,,,7,,10,9,,5,1,9,3,8,5,7,,10,6,4,2,9,7,,2,8,5,3,10,4,1,6,,6,3,9,7,2,10,,4,1,5,8,
2,5,,1,8,3,4,,7,10,,6,9,3,2,,,7,,5,4,6,,,,,,8,,,1,,9,,,10,7,,,,,8,,,,3,9,5,1,6,4,,10,2,,,,,,2,7,3,9,10,4,,,8,,1,5,6,6,,4,,10,1,3,9,7,5,,2,,8,,1,,10,,,9,6,7,8,2,3,4,,5,,2,4,7,9,,1,6,10,5,3,,8,8,,9,7,,,5,10,,4,6,3,,2,1,,,7,9,1,8,,2,6,3,,,10,4,5,,,,,8,6,5,9,7,10,3,,1,2,4,,,10,4,,5,9,,,7,8,3,,,,2,,6,,1,,,10,,5,7,6,,3,4,9,1,,8,,,2,5,,,9,8,6,,3,,10,,7,,4,2,1,7,3,,6,,2,4,,1,9,8,5,,10,8,,9,1,7,3,2,6,5,4,,10,1,9,7,,10,4,2,6,,,3,8,5,9,7,10,6,8,5,2,1,,3,4,,,9,,4,1,,,7,,,2,5,,6,10,8,3,,,,,4,3,10,6,,,,7,,1,5,2,,,9,8,9,10,3,,,7,6,2,1,5,8,4,3,10,5,6,,,1,9,,7,,4,,2,8,1,2,7,8,,4,6,10,9,,5,3,,,8,4,2,6,,3,1,,,,7,,10,9,,5,1,9,3,8,5,7,,10,6,4,2,9,7,,2,8,5,3,10,4,1,6,,6,3,9,7,2,10,,4,1,5,8,
2,5,,1,8,3,4,,7,10,,6,9,3,2,,,7,,5,4,6,,,,,,8,,,1,,9,,,10,7,,,,,8,,,,3,10,5,2,6,4,,9,1,,,,,,1,7,4,9,10,3,,,8,,2,5,6,4,,5,,10,1,3,9,7,6,,2,,8,,1,,10,,,9,5,7,8,2,3,6,,4,,2,4,7,9,,1,6,10,5,3,,8,8,,9,7,,,5,10,,4,6,3,,2,1,,,7,8,1,9,,2,6,3,,,10,5,4,,,,,8,6,5,9,7,10,3,,1,2,4,,,10,4,,5,9,,,7,8,3,,,,2,,6,,1,,,10,,5,7,6,,3,4,8,1,,9,,,2,5,,,,7,6,,3,10,,9,8,,4,2,1,7,3,,6,,2,4,,1,9,8,5,,10,8,,9,1,7,3,2,6,5,4,,10,1,9,7,,10,4,2,6,,,3,8,5,9,7,10,6,8,5,2,1,,3,4,,,9,,8,1,,,6,,,2,4,,5,10,7,3,,,,,4,3,10,6,,,,7,,1,5,2,,,8,9,9,10,3,,,7,6,2,1,5,8,4,3,10,5,6,,,1,9,,7,,4,,2,8,1,2,7,8,,4,6,10,9,,5,3,,,8,4,2,7,,3,1,,,,6,,10,9,,5,1,9,3,7,5,8,,10,6,4,2,9,7,,2,8,5,3,10,4,1,6,,6,4,9,7,2,10,,3,1,5,8,
2,5,,1,8,3,4,,6,10,,7,9,3,2,,,7,,5,4,6,,,,,,8,,,1,,9,,,10,7,,,,,8,,,,3,10,5,2,6,4,,9,1,,,,,,1,7,4,9,10,3,,,8,,2,6,5,4,,5,,9,1,3,10,7,8,,2,,6,,1,,10,,,9,5,7,8,2,3,6,,4,,2,4,7,10,,1,6,9,5,3,,8,8,,9,7,,,5,10,,4,6,3,,2,1,,,7,8,1,10,,2,6,3,,,9,4,5,,,,,8,6,5,9,7,10,3,,1,2,4,,,10,4,,5,9,,,7,8,3,,,,2,,6,,1,,,9,,5,7,6,,3,4,8,1,,10,,,2,5,,,,7,6,,3,10,,9,8,,4,2,1,6,3,,7,,2,4,,1,9,8,5,,10,8,,9,1,7,3,2,6,5,4,,10,1,9,7,,10,4,2,6,,,3,8,5,9,7,10,6,8,5,2,1,,3,4,,,8,,,1,,,6,,,2,4,9,5,10,7,3,,,,,5,4,,8,,,,7,2,1,6,3,,,9,10,9,10,3,,,7,6,2,1,5,8,4,3,10,5,7,,,1,9,,6,,4,,2,8,1,2,7,8,,4,6,10,9,,5,3,,,8,4,2,7,,3,1,,,,6,,10,9,,5,1,9,3,8,5,7,,10,6,4,2,9,7,,2,8,5,3,10,4,1,6,,6,4,9,7,2,10,,3,1,5,8,
2,5,,1,8,3,4,,6,10,,7,9,3,2,,,7,,6,4,5,,,,,,8,,,1,,9,,,10,7,,,,,8,,,,3,10,5,2,6,4,,9,1,,,,,,1,7,4,9,10,2,,,8,,3,6,5,4,,5,,9,1,3,10,7,8,,2,,6,,1,,10,,,9,5,7,8,2,3,6,,4,,2,4,7,9,,1,6,10,5,3,,8,8,,9,7,,,5,10,,4,6,3,,2,1,,,7,8,1,10,,2,6,3,,,9,4,5,,,,,8,6,5,9,7,10,3,,1,2,4,,,10,4,,5,9,,,7,8,3,,,,2,,6,,1,,,9,,5,7,6,10,3,4,8,1,,,,,2,5,,,,7,6,,3,10,,9,8,,4,2,1,7,3,,6,,2,4,,1,9,8,5,,10,8,,9,1,7,3,2,6,5,4,,10,1,9,7,,10,4,2,6,,,3,8,5,9,7,10,6,8,5,2,1,,3,4,,,10,,,1,,,6,,,2,4,8,5,9,7,3,,,,,5,4,,7,,,,8,2,1,6,3,,,9,10,9,10,3,,,7,6,2,1,5,8,4,3,9,5,10,,,1,8,,6,,4,,2,7,1,2,7,8,,4,6,10,9,,5,3,,,8,4,2,7,,3,1,,,,6,,10,9,,5,1,9,3,8,5,7,,10,6,4,2,9,7,,2,8,5,3,10,4,1,6,,6,4,9,8,2,10,,3,1,5,7,
2,5,,1,7,3,4,,6,10,,8,9,3,2,,,6,,9,5,4,,,,,,7,,,1,,8,,,10,7,,,,,9,,,,3,10,5,2,6,4,,8,1,,,,,,1,7,4,9,10,3,,,8,,2,5,6,4,,5,,9,1,3,10,6,7,,2,,8,,1,,10,,,9,6,7,8,2,3,5,,4,,2,4,7,9,,1,6,10,5,3,,8,8,,9,7,,,5,10,,4,6,3,,2,1,,,7,8,1,10,,2,6,3,,,9,4,5,,,,,8,6,5,9,7,10,3,,1,2,4,,,10,4,,5,9,,,7,8,3,,,,2,,6,,1,,,9,,5,7,6,10,3,4,8,1,,,,,2,5,,,,7,6,,3,10,,9,8,,4,2,1,7,3,,6,,2,4,,1,9,8,5,,10,8,,9,1,7,3,2,6,5,4,,10,1,9,7,,10,4,2,6,,,3,8,5,9,7,10,6,8,5,2,1,,3,4,,,10,,,1,,,6,,,2,4,9,5,8,7,3,,,,,5,4,,7,,,,8,2,1,6,3,,,9,10,9,10,3,,,7,6,2,1,5,8,4,3,9,5,,,10,1,8,,6,,4,,2,7,1,2,7,8,,4,6,10,9,,5,3,,,8,4,2,7,,3,1,,,,6,,10,9,,5,1,9,3,8,5,7,,10,6,4,2,9,7,,2,8,5,3,10,4,1,6,,6,5,9,7,2,10,,3,1,4,8,
2,5,,1,7,3,4,,6,10,,8,9,3,2,,,5,,9,,4,,,,,,6,,,1,10,7,,,8,8,,,,,9,,,,3,10,5,2,6,4,,7,1,,,,,,1,8,4,9,10,3,,,7,,2,5,6,4,,6,,9,1,3,10,5,7,,2,,8,,1,,10,,,9,6,7,8,2,3,4,,5,,2,4,7,9,,1,6,10,5,3,,8,8,,9,7,,,5,10,,4,6,3,,2,1,,,7,8,1,10,,2,6,3,,,9,4,5,,,,,8,6,5,9,7,10,3,,1,2,4,,,10,4,,5,9,,,7,8,3,,,,2,,6,,1,,,9,,5,7,6,10,3,4,8,1,,,,,2,5,,,,8,6,,3,10,,9,7,,4,2,1,7,3,,6,,2,4,,1,9,8,5,,10,8,,9,1,7,3,2,6,5,4,,10,1,9,7,,10,4,2,6,,,3,8,5,9,7,10,6,8,5,2,1,,3,4,,,10,,,1,,,6,,,2,4,9,5,8,7,3,,,,,5,4,,7,,,,8,2,1,6,3,,,9,10,9,10,3,,,7,6,2,1,5,8,4,3,9,5,,,10,1,8,,7,,4,,2,6,1,2,7,8,,4,6,10,9,,5,3,,,8,4,2,6,,3,1,,,,7,,10,9,,5,1,9,3,8,5,7,,10,6,4,2,9,7,,2,8,5,3,10,4,1,6,,6,5,9,7,2,10,,3,1,4,8,
2,5,,1,7,3,4,,6,10,,8,9,3,2,,,5,,9,,4,,,,,,6,,,1,10,7,,,8,8,,,,,9,,,,3,10,5,2,6,4,,7,1,,,,,,1,8,4,9,10,2,,,7,,3,5,6,4,,7,,9,1,3,10,6,5,,2,,8,,1,,10,,,9,6,7,8,2,3,4,,5,,2,4,7,9,,1,6,10,5,3,,8,8,,9,7,,,5,10,,4,6,3,,2,1,,,7,8,1,10,,2,6,3,,,9,4,5,,,,,8,6,5,9,7,10,3,,1,2,4,,,10,4,,5,9,,,7,8,3,,,,2,,6,,1,,,9,,5,7,6,10,3,4,8,1,,,,,2,5,,,10,8,6,,3,,,9,7,,4,2,1,7,3,,6,,2,4,,1,9,8,5,,10,8,,9,1,7,3,2,6,5,4,,10,1,9,7,,10,4,2,6,,,3,8,5,9,7,10,6,8,4,2,1,,3,5,,,10,,,1,,,6,,,2,4,9,5,8,7,3,,,,,5,4,,7,,,,8,2,1,6,3,,,9,10,9,10,3,,,7,6,2,1,5,8,4,3,9,5,,,10,1,8,,6,,4,,2,7,1,2,7,8,,4,6,10,9,,5,3,,,8,4,2,6,,3,1,,,,7,,10,9,,5,1,9,3,7,5,8,,10,6,4,2,9,7,,2,8,5,3,10,4,1,6,,6,5,9,7,2,10,,3,1,4,8,
2,5,,1,7,3,4,,6,10,,8,9,3,2,,10,5,,,,4,,,,,,6,,,1,9,7,,,8,8,,,,,9,,,,3,10,5,2,6,4,,7,1,,,,,,1,8,4,9,10,2,,,7,,3,5,6,4,,7,,9,1,3,10,5,8,,2,,6,,1,,10,,,9,6,7,8,2,3,4,,5,,2,4,7,9,,1,6,10,5,3,,8,8,,9,7,,,5,10,,4,6,3,,2,1,,,7,8,1,10,,2,6,3,,,9,4,5,,,,,8,6,5,9,7,10,3,,1,2,4,,,10,4,,5,9,,,7,8,3,,,,2,,6,,1,,,9,,5,7,6,10,3,4,8,1,,,,,2,5,,,9,8,6,,3,,,10,7,,4,2,1,7,3,,6,,2,4,,1,9,8,5,,10,8,,9,1,7,3,2,6,5,4,,10,1,9,7,,10,4,2,6,,,3,8,5,9,7,10,6,8,4,2,1,,3,5,,,10,,,1,,,6,,,2,4,8,5,9,7,3,,,,,5,4,,7,,,,8,2,1,6,3,,,9,10,9,10,3,,,7,6,2,1,5,8,4,3,9,5,,,10,1,8,,7,,4,,2,6,1,2,7,8,,4,6,10,9,,5,3,,,8,4,2,6,,3,1,,,,7,,10,9,,5,1,9,3,8,5,7,,10,6,4,2,9,7,,2,8,5,3,10,4,1,6,,6,5,9,7,2,10,,3,1,4,8,
2,5,,1,7,3,4,,6,10,,9,8,3,2,,,5,,,,4,,,,,,6,,,1,10,7,,9,8,8,,,,,9,,,,3,10,5,2,6,4,,7,1,,,,,,1,9,3,8,10,2,,,7,,4,5,6,4,,8,,9,1,3,10,5,7,,2,,6,,1,,10,,,9,6,7,8,2,3,4,,5,,2,4,7,9,,1,6,10,5,3,,8,8,,9,7,,,5,10,,4,6,3,,2,1,,,7,8,1,10,,2,6,3,,,9,4,5,,,,,8,6,5,9,7,10,3,,1,2,4,,,10,4,,5,9,,,7,8,3,,,,2,,6,,1,,,9,,5,7,6,10,3,4,8,1,,,,,2,5,,,9,7,6,,3,,,10,8,,4,2,1,6,3,,7,,2,4,,1,9,8,5,,10,8,,9,1,7,3,2,6,5,4,,10,1,9,7,,10,4,2,6,,,3,8,5,9,7,10,6,8,4,2,1,,3,5,,,10,,,1,,,6,,,2,4,8,5,9,7,3,,,,,5,4,,7,,,,8,2,1,6,3,,,9,10,9,10,3,,,7,6,2,1,5,8,4,4,9,5,,,10,1,8,,7,,3,,2,6,1,2,7,8,,4,6,10,9,,5,3,,,8,4,2,7,10,3,1,,,,6,,9,,,5,1,9,3,8,5,7,,10,6,4,2,9,7,,2,8,5,3,10,4,1,6,,6,5,9,7,2,10,,3,1,4,8,
2,5,,1,7,3,4,,6,10,,9,8,3,2,,,5,,,,4,,,,,,6,,,1,10,7,,9,8,8,,,,,9,,,,3,10,5,2,6,4,,7,1,,,,,,1,9,3,8,10,2,,,7,,4,5,6,4,,8,,9,1,3,10,6,7,,2,,5,,1,,10,,,9,6,7,8,2,3,4,,5,,2,4,7,9,,1,6,10,5,3,,8,8,,9,7,,,5,10,,4,6,3,,2,1,,,8,,3,7,,1,4,2,,9,10,5,6,,,,,8,6,5,9,7,10,3,,1,2,4,,,10,4,,5,9,,,7,8,3,,,,2,,6,,1,,,9,,5,7,6,10,3,4,8,1,,,,,2,5,,,9,8,6,,3,,,10,7,,4,2,1,6,3,,7,,2,4,,1,9,8,5,,10,8,,9,1,7,3,2,6,5,4,,10,1,9,7,,10,4,2,6,,,3,8,5,9,7,10,6,8,4,2,1,,3,5,,,10,,,1,,,6,,,2,4,8,5,9,7,3,,,,,5,4,,6,,,,7,1,2,8,3,,,9,10,9,10,3,,,7,6,2,1,5,8,4,4,9,5,,,10,1,8,,7,,3,,2,6,1,2,7,8,,4,6,10,9,,5,3,,,8,4,2,5,10,3,1,,,,7,,9,,,6,1,9,3,8,5,7,,10,6,4,2,9,7,,2,8,5,3,10,4,1,6,,6,5,9,7,2,10,,3,1,4,8,
2,5,,1,7,3,4,,6,10,,9,8,3,2,,,5,,,,4,,,,,,6,,10,1,9,7,,,8,8,,,,,9,,,,3,10,5,2,6,4,,7,1,,,,,,1,9,3,8,10,2,,,7,,4,6,5,4,,8,,9,1,3,10,6,7,,2,,5,,1,,10,,,9,5,7,8,2,3,4,,6,,2,4,7,9,,1,6,10,5,3,,8,8,,9,7,,,5,10,,4,6,3,,2,1,,,7,8,1,10,,2,6,3,,,9,4,5,,,,,8,6,5,9,7,10,3,,1,2,4,,,,4,,6,10,,,8,9,3,,,5,2,,7,,1,,,9,,5,7,6,10,3,4,8,1,,,,,2,5,,,10,7,6,,3,,,9,8,,4,2,1,6,3,,7,,2,4,,1,9,8,5,,10,8,,9,1,7,3,2,6,5,4,,10,1,9,7,,10,4,2,6,,,3,8,5,9,7,10,6,8,4,2,1,,3,5,,,10,,,2,,,6,,,1,4,8,5,9,7,3,,,,,5,4,,7,,,,6,1,2,8,3,,,9,10,9,10,3,,,7,6,2,1,5,8,4,4,9,5,,,10,1,8,,7,,3,,2,6,1,2,7,8,,4,6,10,9,,5,3,,,8,4,2,5,10,3,1,,,,6,,9,,,7,1,9,3,8,5,7,,10,6,4,2,9,7,,2,8,5,3,10,4,1,6,,6,5,9,7,2,10,,3,1,4,8,
2,5,10,1,7,3,4,,6,9,,,8,3,2,,,5,,,,4,,,,,,6,10,,1,9,7,,,8,8,,,,,9,,,,3,10,5,2,7,4,,6,1,,,,,,1,9,3,8,10,2,,,7,,6,5,4,4,,8,,9,1,3,10,6,7,,2,,5,,1,,10,,,9,5,7,8,2,3,4,,6,,2,4,7,9,,1,6,10,5,3,,8,8,,9,7,,,4,10,,5,6,2,,3,1,,,7,8,1,10,,2,6,3,,,9,4,5,,,,,8,6,5,9,7,10,3,,1,2,4,,,,5,,6,10,,,8,9,4,,,3,2,,7,,1,,,9,,5,7,6,10,3,4,8,1,,,,,2,5,,,,7,6,,3,10,,9,8,,4,2,1,6,3,,7,,2,4,,1,9,8,5,,10,8,,9,1,7,3,2,6,5,4,,10,1,9,7,,10,4,2,6,,,3,8,5,9,7,10,6,8,4,2,1,,3,5,,,10,,,6,,,5,,,1,3,8,4,9,7,2,,,,,5,4,,7,,,,6,1,2,8,3,,,9,10,9,10,3,,,7,6,2,1,5,8,4,4,9,5,,,10,1,8,,7,,3,,2,6,1,2,7,8,,4,6,10,9,,5,3,,,8,4,2,5,10,3,1,,,,7,,9,,,6,1,9,3,8,5,7,,10,6,4,2,9,7,,2,8,5,3,10,4,1,6,,6,5,9,7,2,10,,3,1,4,8,
2,5,,1,7,3,4,10,6,9,,,8,3,2,,,5,,,,4,,,,,,6,9,,1,10,7,,,8,8,,,,,9,,,,3,10,5,2,7,4,,6,1,10,,,,,1,9,2,8,,3,,,7,,4,5,6,4,,7,,9,1,3,10,6,8,,2,,5,,1,,,3,,10,6,8,9,2,4,5,,7,,2,4,7,10,,1,6,9,5,3,,8,8,,9,6,,,3,10,,5,4,2,,7,1,,,7,9,1,10,,2,6,3,,,8,4,5,,,,,8,6,5,9,7,10,3,,1,2,4,,,,5,,6,10,,,8,9,3,,,2,4,,7,,1,,,9,,5,7,6,10,3,4,8,1,,,,,2,5,,,9,7,6,,3,,,10,8,,4,2,1,6,3,,7,,2,4,,1,8,10,5,,9,8,,9,1,7,3,2,6,5,4,,10,5,9,7,,10,4,1,6,,,2,8,3,9,7,10,6,8,5,2,1,,3,4,,,10,,,9,,,5,,,1,2,8,3,7,6,4,,,,,5,4,,7,,,,6,1,2,8,3,,,9,10,9,10,3,,,7,6,2,1,5,8,4,3,9,5,,,10,1,8,,6,,4,,2,7,1,2,7,8,,4,6,10,9,,5,3,,,8,4,2,5,10,3,1,,,,7,,9,,,6,1,9,3,8,5,7,,10,6,4,2,9,7,,2,8,6,3,10,4,1,5,,6,5,9,7,2,10,,3,1,4,8,
2,5,,1,7,3,4,9,6,10,,,8,3,2,,,5,,,,4,,,,,,6,9,,1,10,7,,,8,8,,,,,9,,,,3,10,5,2,7,4,,6,1,,,,,,1,9,2,8,10,3,,,7,,4,6,5,4,,6,,9,1,3,10,7,8,,2,,5,,1,,,3,,10,6,8,9,2,4,5,,7,,2,4,7,10,,1,6,9,5,3,,8,7,,9,5,,,3,,,6,4,2,10,8,1,,,7,9,1,10,,2,6,3,,,8,4,5,,,,,8,6,5,,7,9,3,,1,2,4,10,,,5,,6,10,,,8,9,3,,,1,4,,7,,2,,,9,,5,7,6,10,3,4,8,1,,,,,2,5,,,9,7,6,,3,,,10,8,,4,2,1,6,3,10,7,,2,4,,1,8,,5,,9,8,,9,1,7,3,2,6,5,4,,10,4,9,7,10,,3,1,6,,,2,8,5,9,7,10,6,8,5,2,1,,3,4,,,,,,,,,5,9,10,1,2,7,3,8,6,4,,,,,5,4,,7,,,,6,1,2,8,3,,,9,10,9,10,3,,,7,6,2,1,5,8,4,4,9,5,,,10,1,8,,6,,3,,2,7,1,2,7,8,,4,5,10,9,,6,3,,,8,4,2,5,10,3,1,,,,7,,9,,,6,1,9,3,8,5,7,,10,6,4,2,9,6,,2,8,7,3,10,4,1,5,,6,5,9,7,2,10,,3,1,4,8,
2,5,,1,7,3,4,8,6,9,,,10,3,2,,,5,,,,4,,,,,,6,9,,1,10,7,,,8,8,,,,,9,,,,3,10,5,2,7,4,,6,1,10,,,,,1,,2,8,9,3,,,7,,5,4,6,4,,8,,9,1,3,10,6,7,,2,,5,,1,,,3,,10,6,8,9,2,4,5,,7,,2,4,7,10,,1,6,9,5,3,,8,5,,9,6,,,3,,,7,4,2,10,8,1,,,7,9,1,10,,2,6,3,,,8,4,5,,,,,8,6,5,,7,9,3,,1,2,4,10,,,4,10,6,9,,,,8,2,,,1,5,,7,,3,,,9,,5,7,6,10,3,4,8,1,,,,,2,5,,,9,8,6,,3,,,10,7,,4,2,1,6,3,10,7,,2,4,,1,8,,5,,9,7,,9,1,8,3,2,6,5,4,,10,6,9,8,,10,4,1,5,,,3,7,2,9,7,10,6,8,5,2,1,,3,4,,,,9,,,,,5,10,,1,2,8,3,7,6,4,,,,,4,3,10,6,,,,5,1,,7,2,,,8,9,9,10,3,,,7,6,2,1,5,8,4,4,9,5,,,10,1,8,,6,,3,,2,7,1,2,7,8,,4,5,10,9,,6,3,,,8,5,2,4,10,3,1,,,,7,,9,,,6,1,9,3,8,5,6,,10,7,4,2,10,6,,2,8,7,3,9,4,1,5,,6,5,9,7,2,10,,3,1,4,8,
2,5,10,1,7,3,4,,6,8,,,9,,8,10,,3,,,,2,,,,,,4,,9,1,7,5,,,6,8,,,,,9,,,,3,10,5,2,7,4,,6,1,10,,,,,1,,2,8,9,3,,,7,,4,5,6,6,,9,10,8,1,3,,7,4,,2,,5,,1,,,3,,10,6,7,8,2,4,5,,9,,2,4,7,10,,1,5,9,6,3,,8,3,,9,6,,,4,,,8,5,2,10,7,1,,,7,9,2,10,,1,6,3,,,8,4,5,,,10,,8,6,5,,7,9,3,,1,2,4,,,,3,9,4,7,,10,,6,2,,,1,8,,5,,,,,9,,5,7,6,10,3,4,8,1,,,,,2,6,,4,9,8,7,,3,,,,10,,5,2,1,6,3,10,7,,2,4,,1,8,,5,,9,8,,9,1,7,3,2,6,5,4,,10,,8,7,10,9,5,1,4,,,3,6,2,9,7,10,6,8,5,2,1,,3,4,,,,9,,,,,5,10,,4,2,8,3,6,7,1,,,,,4,2,9,6,,,,5,,3,,1,,10,8,7,9,10,3,,,6,7,2,1,5,8,4,4,9,5,,,10,1,8,,7,,3,,2,6,1,2,6,7,,4,5,9,8,10,,3,,,8,5,2,4,10,3,1,,,,7,,9,,,6,1,10,3,8,5,6,,9,7,4,2,9,6,,2,7,8,3,10,4,1,5,,6,5,9,7,2,10,,3,1,4,8,
2,5,10,1,7,3,4,,6,8,,,9,,,9,,3,,,,2,,,,,,4,,8,1,7,5,10,,6,8,,,,,9,,,,3,10,5,2,7,4,,6,1,,,,,,1,,2,8,9,3,,,7,10,4,5,6,5,,9,10,8,1,3,,7,4,,2,,6,,1,,,3,,10,6,7,8,2,4,5,,9,,2,4,7,10,,1,5,9,6,3,,8,3,,9,6,,,4,10,8,,5,2,,7,1,,,7,9,2,10,,1,6,3,,,8,4,5,,,10,,8,6,5,,7,9,3,,1,2,4,,,,3,9,4,8,,6,,7,2,,,1,10,,5,,,,,9,,5,7,6,10,3,4,8,1,,,,,2,6,,4,10,8,7,,3,,,,9,,5,2,1,6,3,10,7,,2,4,,1,8,,5,,9,8,,9,1,7,3,2,6,5,4,,10,,8,7,10,9,5,1,4,,,3,6,2,9,7,10,6,8,5,2,1,,3,4,,,,9,,,,,5,10,,4,2,8,3,6,7,1,,,,,4,2,9,6,,,,5,,3,,1,,10,8,7,9,10,3,,,6,7,2,1,5,8,4,4,9,5,,,10,1,8,,7,,2,,3,6,1,2,6,7,10,4,5,9,8,,,3,,,8,5,2,4,10,3,1,,,,7,,9,,,6,1,9,3,8,5,6,,10,7,4,2,9,6,,2,7,8,3,10,4,1,5,,7,6,10,8,2,,,3,1,4,9,5
2,5,10,1,7,3,4,,6,8,,,9,,,9,,3,,,,2,,,,,,4,,8,1,7,5,10,,6,8,,,,,9,,,,3,10,5,2,7,4,,6,1,,,,,,1,,2,8,9,3,,,7,10,4,5,6,5,,9,10,8,1,3,,7,4,,2,,6,,1,,,3,,9,6,7,8,2,4,5,,10,,2,4,7,10,,1,5,9,6,3,,8,3,,9,6,,,4,10,8,,5,2,,7,1,,,7,9,2,10,,1,6,3,,,8,4,5,,,9,,8,6,5,,7,10,3,,1,2,4,,,,4,9,5,8,,3,,7,2,,10,1,,,6,,,,,9,,5,7,6,10,3,4,8,1,,,,,2,6,10,4,8,9,7,,3,,,,,,5,2,1,6,3,10,7,,2,4,,1,8,,5,,9,7,,9,1,8,3,2,6,5,4,,10,,8,7,10,9,4,1,5,,,3,6,2,9,7,10,6,8,5,2,1,,3,4,,,,9,,,,,5,10,,2,3,8,4,6,7,1,,,8,,4,2,10,6,,,,5,,3,,1,,,9,7,9,10,3,,,6,7,2,1,5,8,4,4,9,5,,,10,1,8,,7,,2,,3,6,1,2,6,7,10,4,5,9,8,,,3,,,8,5,2,4,,3,1,,10,,7,,9,,,6,1,9,3,8,5,7,,10,6,4,2,9,7,,2,8,5,3,10,4,1,6,,7,6,10,8,2,,,3,1,4,9,5
2,5,10,1,7,3,4,,6,8,,,9,,,9,,3,,,,2,,,,,,4,,8,1,7,5,10,,6,8,,,,,9,,,,3,10,5,2,7,4,,6,1,,,,,,1,,2,8,9,4,,,7,10,6,5,3,5,,9,10,8,1,3,,7,4,,2,,6,,1,,10,3,,9,6,7,8,2,4,5,,,,2,4,7,10,,1,5,9,6,3,,8,3,,9,6,,,4,,8,,5,2,10,7,1,,,7,9,1,10,,2,6,3,,,8,4,5,,,9,,8,6,5,,7,10,3,,1,2,4,,,,4,,5,9,,3,7,8,2,,10,1,,,6,,,,,9,,5,7,6,10,3,4,8,1,,,,,2,6,7,4,9,10,8,,3,,,,,,5,2,1,6,3,,7,10,2,4,,1,8,,5,,9,7,,9,1,8,3,2,6,5,4,,10,,8,7,10,9,5,1,3,,,4,6,2,9,7,10,6,8,5,2,1,,3,4,,,,9,,,,,5,10,,4,2,8,3,6,7,1,,,8,,4,2,10,5,,,,6,,3,,1,,,9,7,9,10,4,,,6,7,2,1,5,8,3,4,9,5,,,10,1,8,,7,,2,,3,6,1,2,6,7,10,4,5,9,8,,,3,,,8,5,2,4,,3,1,,10,,7,,9,,,6,1,10,3,8,5,7,,9,6,4,2,9,7,,2,8,5,3,10,4,1,6,,7,6,10,8,2,,,3,1,4,9,5
2,5,10,1,6,3,4,,7,8,,,9,,,9,,3,,,,2,,,,,,4,,8,1,7,5,10,,6,8,,,,,9,,,,3,10,5,2,6,4,,7,1,,,,,,1,,2,8,9,4,,,7,10,6,5,3,5,,9,,8,1,3,,7,4,,2,10,6,,1,,10,3,,9,6,7,8,2,4,5,,,,2,4,7,10,,1,5,9,6,3,,8,3,10,9,6,,,5,,8,,4,2,,7,1,,,6,9,1,10,,2,7,3,,,8,5,4,,,9,,8,6,5,,7,10,3,,1,2,4,,,,4,,5,10,,3,7,8,2,,9,1,,,6,,,,,9,,5,7,6,10,3,4,8,1,,,,,2,6,7,4,9,10,8,,3,,,,,,5,2,1,6,3,,7,10,2,4,,1,8,,5,,9,7,,9,1,8,3,2,6,5,4,,10,,9,7,10,8,5,1,3,,,4,6,2,9,7,10,6,8,5,2,1,,3,4,,,,9,,,,,5,10,,4,2,8,3,6,7,1,,,8,,3,2,10,6,,,,5,,4,,1,,,9,7,9,10,4,,,6,7,2,1,5,8,3,4,9,5,,,10,1,8,,7,,2,,3,6,1,2,6,7,10,4,5,9,8,,,3,,,8,5,2,4,,3,1,,10,,7,,9,,,6,1,10,3,8,5,7,,9,6,4,2,9,7,,2,8,5,3,10,4,1,6,,7,6,10,8,2,,,3,1,4,9,5
2,5,10,1,6,3,4,,7,8,,,9,,,9,,3,,,,2,,,,,,4,,8,1,7,5,10,,6,8,,,,,9,,,,3,10,5,2,6,4,,7,1,,,,,,1,,2,8,9,4,10,,7,,6,5,3,5,,10,,9,1,3,,7,4,,2,8,6,,1,,10,3,,9,6,7,8,2,4,5,,,,2,4,7,10,,1,5,9,6,3,,8,3,10,9,6,,,5,,8,,4,2,,7,1,,,7,9,1,10,,2,8,3,,,6,5,4,,,9,,8,6,5,,7,10,3,,1,2,4,,,,4,,5,10,,3,7,9,2,,8,1,,,6,,,,,9,,5,7,6,10,3,4,8,1,,,,,2,6,7,4,9,,8,,3,,,,10,,5,2,1,6,3,,7,10,2,4,,1,8,,5,,9,7,,9,1,8,3,2,6,5,4,,10,,9,7,10,8,5,1,3,,,4,6,2,9,7,10,6,8,5,2,1,,3,4,,,,9,,,,,5,10,,4,2,8,3,6,7,1,,,9,,3,2,10,5,,,,6,,4,,1,7,,,8,9,10,4,,,6,7,2,1,5,8,3,4,9,5,,,,1,8,,7,10,2,,3,6,1,2,6,7,10,4,5,9,8,,,3,,,8,5,2,4,,3,1,,10,,7,,9,,,6,1,10,3,9,5,7,,8,6,4,2,9,7,,2,8,5,3,10,4,1,6,,7,6,10,8,2,,,3,1,4,9,5
2,5,10,1,6,3,4,,8,7,,,9,,,9,,3,,,,2,,,,,,4,,8,1,7,5,10,,6,7,,,,,8,,,,3,10,5,2,6,4,,9,1,,,,,,1,,2,7,8,4,9,,6,10,,5,3,5,,10,,9,1,3,,8,4,,2,7,6,,1,,10,3,,9,6,7,8,2,4,5,,,,2,4,7,10,,1,5,9,6,3,,8,3,10,9,6,,,5,,,8,4,2,,7,1,,,7,9,1,10,,2,8,3,,,6,5,4,,,9,,8,6,5,,7,10,3,,1,2,4,,,,4,,5,,,3,8,10,2,9,7,1,,,6,,,,,9,,5,7,6,10,3,4,8,1,,,,,2,6,7,3,9,,8,,4,,,,10,,5,2,1,6,3,,7,10,2,4,,1,8,,5,,9,7,,9,1,8,3,2,6,5,4,,10,,9,7,10,8,5,1,4,,,3,6,2,9,7,10,6,8,5,2,1,,3,4,,,,9,,,,,5,10,,4,2,8,3,6,7,1,,,9,,3,2,10,7,,,,6,,4,,1,5,,,8,9,10,5,,,6,7,2,1,4,8,3,4,9,5,,,,1,8,,7,10,2,,3,6,1,2,6,7,10,4,5,9,8,,,3,,,8,5,2,4,,3,1,,10,,6,,9,,,7,1,10,3,9,5,7,,8,6,4,2,9,7,,2,8,5,3,10,4,1,6,,7,6,10,8,2,,,3,1,4,9,5
2,5,10,1,6,3,4,,8,7,,,9,,,9,,3,,,,2,,,,,,4,,8,1,7,5,10,,6,7,,,,,8,,,,3,9,5,1,6,4,,10,2,,,,,,1,,2,7,9,3,8,,6,10,,4,5,6,,10,,9,1,3,,8,4,,2,5,7,,1,,10,3,,9,6,7,8,2,4,5,,,,2,4,7,10,,1,5,9,6,3,,8,3,10,9,6,,,5,,,8,4,2,,7,1,,,7,8,1,10,2,,9,3,,,6,5,4,,,9,,8,6,5,,7,10,3,,1,2,4,,,,4,,6,,,3,9,10,2,5,8,1,,,7,,,,,9,,5,7,6,10,3,4,8,1,,,,,2,6,7,3,10,,8,,4,,,,9,,5,2,1,6,3,,7,10,2,4,,1,8,,5,,9,7,,9,1,8,3,2,6,5,4,,10,,9,7,10,8,5,1,3,,,4,6,2,9,7,10,6,8,5,2,1,,3,4,,,,9,,,,,5,10,,4,2,8,3,6,7,1,,,9,,4,2,10,6,,,,7,,5,,1,3,,,8,9,10,5,,,6,7,2,1,4,8,3,4,9,6,,,,1,8,,7,10,2,,3,5,1,2,6,7,10,4,5,9,8,,,3,,,8,5,2,4,,3,1,,10,,6,,9,,,7,1,10,3,9,5,7,,8,6,4,2,9,7,,2,8,5,3,10,4,1,6,,7,6,10,8,2,,,3,1,4,9,5
2,5,10,1,6,3,4,,8,7,,,9,,,9,,3,,,,2,,,,,,4,,8,1,7,5,10,,6,7,,,,10,8,,,,3,9,5,1,6,4,,,2,,,,,,1,,2,7,9,3,8,,6,10,,4,5,6,,10,,9,1,4,,8,5,,2,3,7,,1,,10,3,,9,6,7,8,2,4,5,,,,2,4,7,10,,1,5,9,6,3,,8,3,10,9,6,,,5,,,8,4,2,,7,1,,,7,9,1,10,2,,8,3,,,6,5,4,,,9,,8,6,5,,7,10,3,,1,2,4,,,,5,,6,10,,3,,9,2,4,8,1,,,7,,,,,9,,5,7,6,10,3,4,8,1,,,,,2,6,7,3,10,,8,,4,,,,9,,5,2,1,6,3,,7,10,2,4,,1,8,,5,,9,7,,9,1,8,3,2,6,5,4,,10,,9,7,10,8,5,1,3,,,4,6,2,9,7,10,6,8,5,2,1,,3,4,,,,9,,,,,5,10,,4,2,8,3,6,7,1,,,9,,4,3,10,6,,,,7,,5,,1,2,,,8,9,10,5,,,6,7,2,1,4,8,3,3,9,6,,,,1,8,,7,10,2,,4,5,1,2,6,7,10,4,5,9,8,,,3,,,8,5,2,4,,3,1,,10,,6,,9,,,7,1,10,3,9,5,7,,8,6,4,2,9,7,,2,8,5,3,10,4,1,6,,7,6,10,8,2,,,3,1,4,9,5
2,5,10,1,6,3,4,,8,7,,,9,,,9,,3,,,,2,,,,,,4,,8,1,7,5,10,,6,7,,,,10,8,,,,3,9,5,1,6,4,,,2,,,,,,1,,2,7,9,3,8,,6,10,,4,5,6,,10,,9,1,4,,8,5,,2,3,7,,1,,10,3,,9,6,7,8,2,4,5,,,,2,4,7,10,,1,5,9,6,3,,8,3,10,9,6,,,5,,,8,4,2,,7,1,,,7,9,1,10,2,,8,3,,,6,5,4,,,9,,8,6,5,,7,10,3,,1,2,4,,,,5,,6,10,,4,,9,2,3,8,1,,,7,,,,,9,,5,7,6,10,3,4,8,1,,,,,2,6,7,3,10,,8,,4,,,,9,,5,2,1,6,3,,7,9,2,4,,1,8,,5,,10,7,,9,1,8,3,2,6,5,4,,10,,9,7,10,8,5,1,3,,,4,6,2,9,7,10,6,8,5,2,1,,3,4,,,,9,,,,,5,10,,4,2,8,3,6,7,1,,,9,,4,3,10,6,,,,7,,5,,1,2,,,8,9,10,5,,,6,7,2,1,4,8,3,3,9,6,,,,1,8,,7,10,2,,4,5,1,2,6,7,10,4,5,9,8,,,3,,,8,5,2,4,,3,1,,10,,7,,9,,,6,1,10,3,9,5,7,,8,6,4,2,9,7,,2,8,5,3,10,4,1,6,,7,6,10,9,2,,,3,1,4,8,5
2,5,10,1,6,3,4,,8,7,,,9,,,9,,3,,,,2,,,,,,4,,8,1,7,5,10,,6,7,,,,10,8,,,,3,9,5,1,6,4,,,2,,,,,,1,,2,7,9,3,8,,6,10,,4,5,6,,10,,9,1,4,,8,5,,2,3,7,,1,,10,3,,9,6,7,8,2,4,5,,,,2,4,7,10,,1,5,9,6,3,,8,3,10,9,6,,,5,,,8,4,2,,7,1,,,7,9,1,10,2,,8,3,,,6,5,4,,,9,,8,6,5,,7,10,3,,1,2,4,,,,5,,6,10,,4,,8,2,3,9,1,,,7,,,,,9,,5,7,6,10,3,4,8,1,,,,,2,6,7,3,10,,8,,4,,,,9,,5,2,1,6,3,,7,9,2,4,,1,8,,5,,10,7,,9,1,8,3,2,6,5,4,,10,,9,7,,8,5,1,3,10,,4,6,2,9,7,10,6,8,5,2,1,,3,4,,,,9,,,,,5,10,,4,2,8,3,6,7,1,,,8,,4,3,10,6,,,,7,,5,,1,2,,,9,9,10,5,,,6,7,2,1,4,8,3,3,9,6,,,,1,8,,7,10,2,,4,5,1,2,6,7,10,4,5,9,8,,,3,,,8,5,2,4,,3,1,,10,,6,,9,,,7,1,10,3,9,5,7,,8,6,4,2,9,7,,2,8,5,3,10,4,1,6,,7,6,10,9,2,,,3,1,4,8,5
2,5,10,1,6,3,4,,8,7,,,9,,,9,,3,,,,2,,,,,,4,,8,1,7,5,10,,6,7,,,,,8,10,,,3,9,5,1,6,4,,,2,,,,,,1,,2,7,9,3,8,,6,10,,4,5,6,,10,,9,1,4,,8,5,,2,3,7,,1,,10,3,,9,6,7,8,2,4,5,,,,2,4,7,10,,1,5,9,6,3,,8,3,10,9,6,,,5,,,8,4,2,,7,1,,,7,9,1,10,2,,8,3,,,6,5,4,,,9,,8,6,5,,7,10,3,,1,2,4,,,,5,,6,10,,4,,8,2,3,9,1,,,7,,,,,9,,5,7,6,10,3,4,8,1,,,,,2,6,7,3,,10,8,,4,,,,9,,5,2,1,6,3,,7,9,2,4,,1,8,,5,,10,7,,9,1,8,3,2,6,5,4,,10,,9,7,,8,5,1,3,10,,4,6,2,9,7,10,6,8,5,2,1,,3,4,,,,10,,,,9,5,,,4,2,8,3,6,7,1,,,8,,4,3,10,6,,,,7,,5,,1,2,,,9,9,10,5,,,6,7,2,1,4,8,3,3,9,6,,,,1,8,,7,10,2,,4,5,1,2,6,7,10,4,5,9,8,,,3,,,8,5,2,4,,3,1,,10,,6,,9,,,7,1,10,3,9,5,7,,8,6,4,2,9,7,,2,8,5,3,10,4,1,6,,7,6,10,9,2,,,3,1,4,8,5
2,5,10,1,6,3,4,,8,7,,,9,,,9,,3,,,,2,,,,,,4,,8,1,7,5,10,,6,7,,,,,8,10,,,3,9,5,1,6,4,,,2,,,,,,1,,2,7,9,3,8,,6,10,,4,5,6,,10,,9,1,4,,8,5,,2,3,7,,1,5,,3,,10,7,8,9,2,4,6,,,,2,4,7,10,,1,5,9,6,3,,8,3,10,9,6,,,5,,,8,4,2,,7,1,,,7,9,1,10,2,,8,3,,,6,5,4,,,9,,8,6,5,,7,10,3,,1,2,4,,,,5,,6,10,,4,,8,2,3,9,1,,,7,,,,,9,,5,7,6,10,3,4,8,1,,,,,2,6,7,3,,10,8,,4,,,,9,,5,2,1,6,3,,7,9,2,4,,1,8,,5,,10,7,,9,1,8,3,2,6,5,4,,10,,9,7,,8,5,1,3,10,,4,6,2,9,7,10,6,8,5,2,1,,3,4,,,,10,,,,8,5,,,4,2,9,3,6,7,1,,,8,,4,3,10,6,,,,7,,5,,1,2,,,9,9,10,5,,,6,7,2,1,4,8,3,3,9,6,,,,1,8,,7,10,2,,4,5,1,2,6,7,10,4,5,9,8,,,3,,,8,5,2,4,,3,1,,10,,6,,9,,,7,1,10,3,9,5,7,,8,6,4,2,9,7,,2,8,5,3,10,4,1,6,,7,6,10,9,2,,,3,1,4,8,5
2,5,10,1,6,3,4,,8,7,,,9,,,9,,3,,,,2,,,,,,4,,8,1,7,5,10,,6,7,,,,,8,10,,,3,9,5,1,6,4,,,2,,,,,,1,,2,7,9,3,8,,6,10,,4,5,6,,10,,9,1,4,,8,5,,2,3,7,,1,5,,3,,10,7,8,9,2,4,6,,,,2,4,7,10,,1,5,9,6,3,,8,3,10,9,6,,,5,,,8,4,2,,7,1,,,7,9,1,10,2,,8,3,,,6,5,4,,,9,,8,6,5,,7,10,3,,1,2,4,,,,5,,6,10,,4,,8,2,3,9,1,,,7,,,,10,9,,5,7,6,,3,4,8,1,,,,,2,6,7,3,,10,8,,4,,,,9,,5,2,1,6,3,,7,9,2,4,,1,8,,5,,10,7,,9,1,8,3,2,6,5,4,,10,,9,7,,8,5,1,3,10,,4,6,2,9,7,10,6,8,5,2,1,,3,4,,,,10,,,,8,5,,,4,2,9,3,6,7,1,,,8,,4,3,10,6,,,,7,,5,,2,1,,,9,9,10,6,,,5,7,2,1,4,8,3,3,9,6,,,,1,8,,7,10,2,,4,5,1,2,6,7,10,4,5,9,8,,,3,,,8,5,2,4,,3,1,,10,,6,,9,,,7,1,10,3,9,5,7,,8,6,4,2,9,7,,2,8,5,3,10,4,1,6,,7,6,10,9,2,,,3,1,4,8,5
2,6,10,1,5,3,4,,7,8,,,9,,,9,,3,,,,2,,,,,,4,,8,1,7,5,10,,6,7,,,,,8,9,,,2,10,5,1,6,3,,,4,,,,,,1,,2,7,9,3,8,,6,10,,4,5,7,,,10,9,1,4,,8,5,,2,3,6,,1,5,,3,,10,7,8,9,2,4,6,,,,2,4,7,10,,1,5,9,6,3,,8,3,10,9,6,,,4,,,8,5,2,,7,1,,,7,9,1,10,2,,8,3,,,6,5,4,,,9,,8,6,5,,7,10,3,,1,2,4,,,,5,,6,9,,4,,8,2,3,10,1,,,7,,,,10,9,,5,7,6,,3,4,8,1,,,,,2,6,7,3,,10,8,,4,,,,9,,5,2,1,6,3,,7,9,2,4,,1,8,,5,,10,7,,9,1,8,3,2,6,5,4,,10,,9,7,,8,5,1,3,10,,4,6,2,9,7,10,6,8,5,2,1,,3,4,,,,,,,,6,5,,,4,2,10,3,7,8,1,9,,8,,4,3,10,6,,,,7,,5,,2,1,,,9,9,10,6,,,5,8,2,1,4,7,3,4,9,6,,,10,1,8,,7,,3,,2,5,1,2,6,7,10,4,5,9,8,,,3,,,7,4,2,5,,3,1,,10,,6,,9,,,8,1,10,3,9,5,7,,8,6,4,2,9,7,,2,8,5,3,10,4,1,6,,7,6,10,9,2,,,3,1,4,8,5
2,6,10,1,5,3,4,,7,8,,,9,,,9,,3,,,,2,,,,,,4,,8,1,7,5,10,,6,7,,,,,8,9,,,2,10,4,1,6,3,,,5,,,,,,1,,2,7,9,3,8,,6,10,,4,5,6,,,10,9,1,4,,8,5,,2,3,7,,1,5,,3,,10,7,8,9,2,4,6,,,,2,4,7,10,,1,5,9,6,3,,8,5,,9,6,,,3,,,7,4,2,10,8,1,,,6,9,1,10,2,,8,3,,,7,5,4,,,9,,8,6,5,,7,10,3,,1,2,4,,,,5,,6,9,,4,,8,2,3,10,1,,,7,,,,10,9,,5,7,6,,3,4,8,1,,,,,2,6,7,3,,10,8,,4,,,,9,,5,2,1,6,3,,7,9,2,4,,1,8,,5,,10,8,,9,1,7,3,2,6,5,4,,10,,9,7,,8,4,1,5,10,,3,6,2,9,7,10,6,8,5,2,1,,3,4,,,,,,,,7,5,,,4,2,10,3,8,9,1,6,,8,,4,3,10,7,,,,6,,5,,2,1,,,9,9,10,7,,,5,8,2,1,4,6,3,4,9,6,,,10,1,8,,7,,3,,2,5,1,2,6,7,10,4,5,9,8,,,3,,,7,4,2,5,,3,1,,10,,6,,9,,,8,1,10,3,9,5,7,,8,6,4,2,9,7,,2,8,5,3,10,4,1,6,,7,6,10,9,2,,,3,1,4,8,5
2,6,10,1,5,3,4,,7,8,,,9,,,9,,3,,,,2,,,,,,4,,8,1,7,5,10,,6,7,,,,,8,9,,,2,10,4,1,6,3,,,5,,,6,,,2,,1,8,10,3,9,,7,,,4,5,7,,,10,8,1,4,,9,5,,2,3,6,,1,5,,3,,10,7,8,9,2,4,6,,,,2,4,7,10,,1,5,9,6,3,,8,6,,9,5,,,3,,,8,4,2,10,7,1,,,6,8,1,10,2,,9,3,,,7,5,4,,,9,,8,6,5,,7,10,3,,1,2,4,,,,5,,6,9,,4,,8,2,3,10,1,,,7,,,,10,9,,5,7,6,,3,4,8,1,,,,,2,6,7,3,,9,8,,4,,,,10,,5,2,1,6,3,,7,8,2,4,,1,9,,5,,10,8,,9,1,7,3,2,6,5,4,,10,,10,7,,8,4,1,5,9,,3,6,2,9,7,10,6,8,5,2,1,,3,4,,,,,,,,5,6,,,9,3,10,4,7,8,1,2,,8,,4,3,10,6,,,,5,,7,,2,1,,,9,9,10,7,,,5,8,2,1,4,6,3,4,9,6,,,10,1,8,,7,,3,,2,5,1,2,6,7,10,5,4,9,8,,,3,,,7,4,2,5,,3,1,,10,,6,,9,,,8,1,10,3,9,5,7,,8,6,4,2,9,7,,2,8,5,3,10,4,1,6,,7,6,10,9,2,,,3,1,4,8,5
2,8,10,1,5,3,4,,7,6,,,9,,,9,,3,,,,2,,,,,,4,,8,1,7,5,10,,6,6,,,,,7,8,,,2,10,4,1,5,3,,,9,,,2,7,,6,,1,9,,3,10,,8,,,4,5,8,,,10,7,1,4,,9,5,,2,3,6,,1,5,,3,,10,7,8,9,2,4,6,,,,2,4,7,10,,1,5,9,6,3,,8,6,,9,5,,,3,10,,8,4,2,,7,1,,,6,8,1,10,2,,9,3,,,7,5,4,,1,10,,9,7,6,,8,,4,,2,3,5,,,,5,,6,9,,4,,8,2,3,10,1,,,7,,,,8,10,,5,7,6,,3,4,9,1,,,,,2,6,7,4,,9,8,,3,,,,10,,5,2,1,6,3,,7,8,2,4,,1,9,,5,,10,8,,9,1,7,3,2,6,5,4,,10,,10,7,,8,4,1,5,9,,3,6,2,9,7,10,6,8,5,2,1,,3,4,,,,,,,,5,6,10,,,3,9,4,7,8,1,2,,8,,4,3,10,6,,,,5,,7,,2,1,,,9,9,10,8,,,5,7,2,1,4,6,3,4,9,6,,,10,1,8,,7,,3,,2,5,1,2,6,7,10,5,4,9,8,,,3,,,7,4,2,5,,3,1,,,,6,,9,,10,8,1,10,3,9,5,8,,7,6,4,2,10,8,4,2,9,6,3,,5,1,7,,7,6,9,8,2,10,,3,1,4,,5
2,9,10,1,5,3,4,,7,6,,,8,,,9,,3,,,,2,,,,,,4,,8,1,7,5,10,,6,6,,,,9,7,5,,,2,8,,1,4,3,,,10,,,1,6,,9,,2,8,,3,10,,7,,,4,5,8,,,10,7,1,4,,9,5,,2,3,6,,1,5,,3,,10,6,8,9,2,4,7,,,,2,4,7,10,,1,5,9,6,3,,8,7,,10,4,6,,3,,,9,5,2,,8,1,,,7,8,1,10,2,,9,3,,,6,5,4,,1,10,,9,7,6,,8,,4,,2,3,5,,,,5,,6,9,,4,,8,2,3,10,1,,,7,,,,7,10,,5,8,6,,3,4,9,1,,,,,2,7,6,5,,9,8,,3,,,,10,,4,2,1,6,3,,7,8,2,4,,1,,,5,9,10,8,,9,1,7,3,2,6,5,4,,10,,10,7,,9,4,1,5,8,,3,6,2,9,7,10,6,8,5,2,1,,3,4,,,,,,,,5,6,,,10,3,9,4,7,8,1,2,,7,,4,3,10,6,,,,5,,9,,2,1,,,8,9,10,8,,,5,7,2,1,4,6,3,4,9,6,,,10,1,8,,7,,2,,3,5,1,2,6,7,10,5,4,9,8,,,3,,,7,4,2,5,,3,1,,,,6,,10,,9,8,1,9,3,8,5,10,,7,6,4,2,10,8,4,2,9,6,3,,5,1,7,,7,6,10,9,2,,,3,1,4,8,5
2,9,10,1,5,3,4,,7,6,,,8,,,9,,3,,,,2,,,,,,4,,8,1,7,5,10,,6,6,,,,9,7,5,,,2,8,,1,4,3,10,,,,,1,,10,8,,2,7,,3,9,,6,,,4,5,7,,,9,6,1,4,,10,5,,2,3,8,,1,5,,3,,10,6,8,9,2,4,7,,,,2,4,7,10,,1,5,9,6,3,,8,7,,9,6,3,,4,,,10,5,2,,8,1,,,6,8,1,10,2,,9,3,,,7,5,4,,1,10,,9,7,6,,8,,4,,2,3,5,,,,4,,5,9,,7,,8,2,3,,1,,,6,10,,,7,10,,5,8,6,,3,4,9,1,,,,,2,6,5,,,9,7,,3,,,10,8,,4,2,1,6,3,,7,8,2,4,,1,,,5,9,10,7,,9,1,6,2,3,8,5,4,,10,,,7,10,9,4,1,5,8,,3,6,2,9,7,10,6,8,5,2,1,,3,4,,,,,,,7,3,6,,,,4,10,5,8,9,2,1,,7,,4,3,10,6,,,,5,,9,,2,1,,,8,9,10,8,,,5,7,2,1,4,6,3,4,9,6,,,10,1,8,,7,,3,,2,5,1,2,5,6,10,7,4,9,8,,,3,,,7,4,2,6,,3,1,10,,,5,,,,9,8,1,9,3,8,5,,10,7,6,4,2,10,8,5,2,9,6,3,,4,1,7,,7,6,9,8,2,10,,3,1,4,,5
2,9,10,1,5,3,4,,7,6,,,8,,,9,,3,,,,2,,,,,,4,,8,1,7,5,10,,6,6,,,,9,7,4,,,2,8,,1,5,3,10,,,,9,1,,,10,,2,7,,3,8,,6,,,4,5,7,,,8,6,1,4,,10,5,,2,3,9,,1,5,10,3,,,6,8,9,2,4,7,,,,2,4,7,10,,1,6,9,5,3,,8,7,,9,5,2,,4,,,,6,3,10,8,1,,,7,8,1,10,2,,9,3,,,6,5,4,,1,10,,9,7,6,,8,,4,,2,3,5,,,,4,,5,8,,,,7,2,3,,1,10,,6,9,,,7,10,,5,8,6,,3,4,9,1,,,,,2,6,5,,,9,7,,3,,,10,8,,4,2,1,6,3,,7,8,2,4,,1,,,5,9,10,7,,9,1,6,2,3,8,5,4,,10,,,7,10,9,5,1,4,8,,3,6,2,9,8,10,6,7,5,2,1,,3,4,,,,,,,6,3,7,,,,4,10,5,8,9,2,1,,7,,5,3,10,6,,,,4,,9,,2,1,,,8,9,10,8,,,5,7,2,1,4,6,3,4,9,6,,,10,1,8,,7,,3,,2,5,1,2,5,6,10,8,4,9,7,,,3,,,7,4,2,6,,3,1,10,,,5,,,,8,9,1,9,3,8,5,,10,7,6,4,2,10,8,5,2,9,6,3,,4,1,7,,7,6,9,8,2,10,,3,1,4,,5
2,10,9,1,7,3,4,,5,6,,,8,,,9,,3,,,,2,,,,,,4,,8,1,7,5,10,,6,6,,,,9,7,4,,,2,8,,1,5,3,10,,,,9,1,,,,,2,7,10,3,8,,6,,,4,5,9,,,8,6,1,4,,,5,7,2,3,10,,1,5,,3,,10,6,8,9,2,4,7,,,,2,4,7,,10,1,6,9,5,3,,8,7,,9,5,2,,4,,,,6,3,10,8,1,,10,6,8,1,,2,,9,3,,,7,5,4,,1,10,,9,6,7,,8,,4,,2,3,5,,,10,4,,5,8,,,,7,2,3,,1,,,6,9,,,7,10,,5,8,6,,3,4,9,1,,,,,2,6,5,,,9,7,,3,,,10,8,,4,2,1,6,3,,7,9,2,4,,1,,,5,8,10,7,10,9,1,6,2,3,8,5,4,,,,,7,10,9,4,1,5,8,,3,6,2,9,7,10,6,8,5,2,1,,3,4,,,,,,,6,3,7,,,,4,10,5,9,8,2,1,,7,,5,3,10,6,,,,4,,9,,2,1,,,8,8,10,9,,,5,7,2,1,4,6,3,4,9,6,,,10,1,8,,7,,3,,2,5,1,2,5,6,10,9,4,8,7,,,3,,,7,4,2,9,,3,1,8,,,5,,,,6,10,1,9,3,8,5,,10,7,6,4,2,10,8,5,2,9,6,3,,4,1,7,,7,6,9,8,2,10,,3,1,4,,5
2,10,9,1,6,3,4,,7,5,,,8,,,9,,3,,,,2,,,,,,4,,8,1,7,5,10,,6,5,,10,,,6,4,,,2,8,,1,7,3,9,,,,9,1,,,,,2,7,10,3,8,,6,,,4,5,9,10,,7,6,1,4,,,5,,2,3,8,,1,5,10,3,,,6,7,9,2,4,8,,,,2,4,7,,10,1,6,9,5,3,,8,7,,9,5,2,,4,,,,6,3,10,8,1,,,6,8,1,10,2,,9,3,,,7,5,4,,1,10,,9,6,7,,8,,4,,2,3,5,,,10,4,,5,8,,,,7,2,3,,1,,,6,9,,,9,,,5,10,7,,3,4,,1,6,,,8,2,6,5,,,9,7,,3,10,,,8,,4,2,1,6,3,,8,9,2,4,,1,,,5,7,10,8,,9,1,6,2,3,7,5,4,,10,,,7,10,9,4,2,6,8,,3,5,1,9,8,,6,7,5,2,1,10,3,4,,,,,,,6,3,7,,,,4,10,5,8,9,2,1,,6,,5,3,10,8,,,,4,,9,,2,1,,,7,8,10,9,,,5,7,2,1,4,6,3,4,9,6,,,10,1,8,,7,,3,,2,5,1,2,5,6,10,9,4,8,7,,,3,,,8,4,2,9,,3,1,7,,,6,,,,5,10,1,9,3,8,5,,10,7,6,4,2,10,8,5,2,9,6,3,,4,1,7,,7,6,9,8,2,10,,3,1,4,,5
2,10,9,1,7,3,4,,6,5,,,8,,,9,,3,,,,2,,,,,,4,,8,1,7,5,10,,6,5,,10,,,7,4,,,2,8,,1,6,3,9,,,,9,1,,,,,2,7,10,3,8,,6,,,4,5,,9,,7,6,1,4,,10,5,,2,3,8,,1,5,10,3,,,6,8,9,2,4,7,,,,2,4,7,,10,1,6,9,5,3,,8,7,,9,5,2,,4,,,,6,3,10,8,1,,,6,8,1,10,2,,9,3,,,7,5,4,,1,10,,9,6,7,,8,,4,,2,3,5,,,,4,,5,8,,,,7,2,3,,1,9,,6,10,,,7,10,,5,8,6,,3,4,9,1,,,,,2,6,5,,,9,7,,3,10,,,8,,4,2,1,6,3,,8,9,2,4,,1,,,5,7,10,8,,9,1,6,2,3,7,5,4,,10,,,7,10,9,4,2,6,8,,3,5,1,9,8,,6,7,5,2,1,10,3,4,,,,,,,6,3,7,,,,4,10,5,8,9,2,1,,7,,5,3,9,8,,,,4,,,,2,1,10,,6,7,10,9,,,5,8,2,1,4,6,3,4,9,6,,,10,1,8,,7,,3,,2,5,1,2,5,6,10,9,4,8,7,,,3,,,8,4,2,9,,3,1,5,,,7,,,,6,10,1,9,3,8,5,,10,7,6,4,2,10,8,5,2,9,6,3,,4,1,7,,7,6,9,8,2,10,,3,1,4,,5
2,,9,1,7,3,4,,6,5,10,,8,,,10,,3,,,,2,,,,9,,4,,8,1,7,5,,,6,5,,10,,,6,4,,,2,8,,1,7,3,9,,,,9,1,,,,,2,7,10,3,8,,6,,,4,5,10,,,8,6,1,4,,,5,7,2,3,9,,1,5,,3,,10,6,7,8,2,4,9,,,,2,4,7,,10,1,6,9,5,3,,8,7,,10,5,2,9,4,,,,6,3,,8,1,,,6,8,1,10,2,,9,3,,,7,5,4,,1,10,,9,6,7,,8,,4,,2,3,5,,,10,4,,5,8,,,,7,2,3,,1,9,,6,,,,7,10,,5,8,6,,3,4,9,1,,,,,2,5,6,,,9,7,,3,10,,,8,,4,2,1,6,3,,8,9,2,4,,1,,,5,7,10,7,10,9,1,6,2,3,8,5,4,,,,,6,10,9,4,2,7,8,,3,5,1,9,8,,6,7,5,2,1,10,3,4,,,,,,,6,3,7,,,,4,10,5,8,9,2,1,,6,,5,3,10,8,,9,,4,,,,2,1,,,7,7,10,9,,,5,8,2,1,4,6,3,4,9,6,,,10,1,8,,7,,3,,2,5,1,3,5,6,10,9,4,8,7,,,2,,,8,4,2,9,,3,1,5,,,7,,,,6,10,1,9,3,8,5,10,,7,6,4,2,10,8,5,2,9,6,3,,4,1,7,,7,6,9,8,2,10,,3,1,4,,5
3,,9,1,7,2,4,,6,5,10,,8,,,,,2,,,,9,4,,,8,,3,,10,1,7,5,,,6,5,,10,,,6,4,,,2,8,,1,7,3,9,,,,9,1,,,,,2,7,10,3,8,,6,,,4,5,,10,,8,6,1,4,,,5,7,2,3,9,,1,,9,3,,10,5,7,8,2,4,6,,,,2,4,7,,10,1,6,9,5,3,,8,7,,10,5,2,9,4,,,,6,3,,8,1,,,6,8,1,9,2,,10,3,,,7,5,4,,1,,9,10,6,7,,8,,4,,2,3,5,,,,4,,5,9,,,,7,2,3,,1,10,,6,,,8,7,10,,4,8,5,,3,6,9,1,,,,,2,5,,,,8,6,,3,9,,10,7,,4,2,1,6,3,,8,9,2,4,,1,,,5,7,10,7,,9,1,6,2,3,8,5,4,,10,,,6,10,9,4,2,7,8,,3,5,1,10,8,,6,7,5,2,1,9,3,4,,,,,,,4,3,7,,,,5,10,6,8,9,2,1,,6,,8,3,10,7,,9,,4,,,,2,1,,,5,7,10,9,,,5,8,2,1,4,6,3,4,8,5,,10,9,1,7,,6,,3,,2,,1,3,5,6,10,9,4,8,7,,,2,,,8,4,2,9,,3,1,5,,,7,,,,6,10,1,10,3,8,5,9,,7,6,4,2,10,8,5,2,9,6,3,,4,1,7,,7,6,10,9,2,,,3,1,4,8,5
3,,9,1,7,2,4,,6,5,10,,8,,,,,2,,,,7,3,,,9,,4,,10,1,8,5,,,6,5,,10,,,6,4,,,2,8,,1,7,3,9,,,,9,1,,,,,2,7,10,3,8,,6,,,4,5,,10,,8,6,1,4,,,5,7,2,3,9,9,1,,,3,,10,5,6,8,2,4,7,,,,2,4,7,,10,1,6,9,5,3,,8,7,,10,5,2,9,4,,,,6,3,,8,1,,,6,9,1,8,2,,10,3,,,7,5,4,,1,,9,10,6,7,,8,,4,,2,3,5,,,,5,,6,9,,,,8,3,4,,1,10,,7,,,2,7,10,,4,8,6,,3,5,9,1,,,,,2,5,,,,8,6,,3,9,,10,7,,4,2,1,6,3,,8,9,2,4,,1,,,5,7,10,7,,9,1,6,2,3,8,5,4,,10,,,6,10,8,4,2,7,9,,3,5,1,10,8,,6,7,5,2,1,9,3,4,,,,,,,4,3,7,,,,5,10,6,8,9,2,1,,5,,8,3,10,7,,9,,4,,,,2,1,,,6,7,10,9,,,5,8,2,1,4,6,3,4,8,5,,10,9,1,7,,6,,3,,2,,1,3,5,6,10,9,4,8,7,,,2,,,8,4,2,9,,3,1,5,,,7,,,,6,10,1,10,3,8,5,9,,7,6,4,2,10,8,5,2,9,6,3,,4,1,7,,7,6,10,9,2,,,3,1,4,8,5
3,,9,1,7,2,4,,6,5,10,,8,,,,,2,,,,7,3,,,8,,4,,10,1,9,5,,,6,5,,,10,,6,4,,,2,8,,1,7,3,9,,,,8,1,,,,,3,7,10,2,9,,6,,,4,5,10,,,8,6,1,4,,,5,7,2,3,9,7,1,,10,3,,,5,6,9,2,4,8,,,,2,4,7,,10,1,6,9,5,3,,8,7,,10,5,2,9,4,,,,6,3,,8,1,,,6,8,1,9,2,,10,3,,,7,5,4,,1,,9,10,6,7,,8,,4,,2,3,5,,,,4,,7,10,,,,9,3,5,,1,6,,8,,,2,7,10,,5,8,6,,3,4,9,1,,,,,2,5,,,,8,6,,3,9,,10,7,,4,2,1,7,3,,8,9,2,4,,1,,,5,6,10,7,,9,1,6,2,3,8,5,4,10,,,,6,10,8,4,2,7,9,,3,5,1,10,9,,6,7,5,2,1,8,3,4,,,,,,,4,3,7,,,,5,10,6,8,9,2,1,,5,,8,3,10,7,,9,,4,,,,2,1,,,6,7,10,9,,,5,8,2,1,4,6,3,4,8,5,,10,9,1,7,,6,,3,,2,,1,3,5,6,10,9,4,8,7,,,2,,,8,4,2,9,,3,1,5,,,7,,,,6,10,1,10,3,9,5,8,,7,6,4,2,10,8,5,2,9,6,3,,4,1,7,,7,6,10,9,2,,,3,1,4,8,5
3,,9,1,7,2,4,,6,5,10,,8,,,,,3,,,,7,2,,,8,,4,,10,1,9,5,,,6,4,,,9,,6,5,,,2,8,,1,7,3,10,,,,8,1,,,,,3,7,10,2,9,,6,,,4,5,10,,,8,6,1,4,,,5,7,2,3,9,7,1,,10,3,,,5,6,9,2,4,8,,,,2,4,7,,10,1,6,9,5,3,,8,7,,10,5,2,9,4,,,,6,3,,8,1,,,6,10,1,9,2,,8,3,,,7,4,5,,1,10,9,,6,7,,8,,4,,2,3,5,,,,4,,6,10,,,,9,3,7,,1,5,,8,,,2,7,10,,5,8,6,,3,4,9,1,,,,,2,5,,,,8,6,,3,9,,10,7,,4,2,1,7,3,,9,8,2,4,,1,,,5,6,10,7,,9,1,6,2,3,8,5,4,,10,,,6,9,8,4,2,7,10,,3,5,1,10,9,,6,7,5,2,1,8,3,4,,,,,,,4,3,7,,,,5,10,6,8,9,2,1,,5,,8,3,9,7,,,,4,,,,2,1,10,,6,7,9,10,,,5,8,2,1,4,6,3,4,8,5,,10,9,1,7,,6,,3,,2,,1,3,5,6,10,9,4,8,7,,,2,,,8,4,2,9,,3,1,5,,,7,,,,6,10,1,10,3,8,5,9,,7,6,4,2,10,8,5,2,9,6,3,,4,1,7,,7,6,10,9,2,,,3,1,4,8,5
3,,9,1,7,2,4,,6,5,10,,8,,,,,3,,,,7,2,,,8,,4,,10,1,9,5,,,6,4,,,9,,5,8,,,2,7,,1,6,3,10,,,,8,1,,,,,4,7,10,2,9,,6,,,3,5,,9,,8,6,1,4,,,5,7,2,3,10,7,1,,,3,,,5,6,9,2,4,10,8,,,2,4,7,,10,1,6,9,5,3,,8,7,,10,5,2,9,4,,,,6,3,,8,1,,,7,10,1,9,2,,6,3,,,8,4,5,,1,10,8,,6,7,,9,,4,,2,3,5,,,,5,,6,10,,,7,9,3,,,1,4,,8,,,2,7,10,,5,8,6,,3,4,9,1,,,,,2,5,,,,8,6,,3,9,,10,7,,4,2,1,7,3,,8,9,2,4,,1,,,5,6,10,7,,9,1,6,2,3,8,5,4,,10,,,6,9,8,4,2,7,10,,3,5,1,10,9,,6,8,5,2,1,7,3,4,,,,,,,3,4,7,,,,5,10,6,8,9,2,1,,6,,8,3,9,7,,,,4,,,,2,1,10,,5,7,9,10,,,5,8,2,1,4,6,3,4,8,5,,10,9,1,7,,6,,3,,2,,1,3,5,6,10,9,4,8,7,,,2,,,8,4,2,9,,3,1,5,,,7,,,,6,10,1,9,3,7,5,10,,8,6,4,2,10,8,5,2,9,6,3,,4,1,7,,7,6,10,9,2,,,3,1,4,8,5
3,,9,1,8,2,4,,6,5,10,,7,,,,,4,,,,2,3,,,10,8,5,,,1,9,6,,,7,4,,10,8,,5,,,,2,7,,1,6,3,9,,,,8,1,,,,,4,7,10,2,9,,6,,,3,5,,10,,8,6,1,4,,,5,7,2,3,9,8,1,,,3,,,5,6,10,2,4,9,7,,10,2,4,7,,,1,6,9,5,3,,8,7,,10,5,2,8,4,,,,6,3,,9,1,,,7,10,1,9,2,,6,3,,,8,4,5,,1,10,8,,6,7,,9,,4,,2,3,5,,,,5,,6,10,,,7,9,3,,,2,4,,8,,,1,7,10,,5,8,6,,3,4,9,1,,,,,2,5,,,,8,6,,3,9,,10,7,,4,2,1,6,3,,9,8,2,4,,1,,,5,7,10,7,10,9,1,6,2,3,8,5,4,,,,,6,9,8,4,2,7,10,,3,5,1,10,8,,6,9,5,2,1,7,3,4,,,,,,,3,6,7,,,,4,10,5,8,9,2,1,,7,,8,3,9,6,,,,4,,,,2,1,10,,5,7,9,10,,,5,8,2,1,4,6,3,4,8,5,,10,9,1,7,,6,,3,,2,,1,2,5,6,10,9,4,8,7,,,3,,,8,4,2,9,,3,1,5,,,7,,,,6,10,1,9,3,7,5,10,,8,6,4,2,10,8,5,2,9,6,3,,4,1,7,,7,6,10,9,2,,,3,1,4,8,5
3,,9,1,8,2,4,,6,5,10,,7,,,,,3,,,,8,2,,,10,7,4,,,1,9,5,,,6,4,,10,8,,5,,,,2,7,,1,6,3,9,,,,8,1,,,,,4,7,10,2,9,,6,,,3,5,,10,,8,6,1,4,,,5,7,2,3,9,9,1,,,3,,,5,7,10,2,4,8,6,,10,2,4,7,,,1,6,9,5,3,,8,7,,10,5,2,8,4,,,,6,3,,9,1,,10,6,9,1,8,2,,5,3,,,7,,4,,1,,8,,6,7,,9,,4,,2,3,5,,10,,5,,6,10,,,8,9,3,,,2,4,,7,,,1,7,10,,5,8,6,,3,4,9,1,,,,,2,5,,,,8,6,,3,9,,10,7,,4,2,1,6,3,,9,8,2,4,,1,,,5,7,10,7,,9,1,6,2,3,8,5,4,,10,,,6,9,8,4,2,7,10,,3,5,1,10,9,,6,7,5,2,1,8,3,4,10,,,,,,3,8,6,,,,4,,5,7,9,2,1,,7,,8,3,9,6,,,,4,,,,2,1,10,,5,7,9,10,,,5,8,2,1,4,6,3,4,8,5,,,9,1,7,,6,,3,10,2,,1,2,5,6,10,9,4,8,7,,,3,,,8,4,2,9,,3,1,5,,,7,,,,6,10,1,9,3,7,5,10,,8,6,4,2,10,8,5,2,9,6,3,,4,1,7,,7,6,10,9,2,,,3,1,4,8,5
3,,9,1,8,2,4,,6,5,10,,7,,,,,3,8,,,9,2,,,,7,4,,,1,10,5,,,6,4,,10,8,,5,,,,2,7,,1,6,3,9,,,,8,1,,,,,5,7,10,2,9,,6,,,3,4,,10,,8,5,1,3,,,7,6,2,4,9,9,1,,,3,,,5,7,10,2,4,8,6,,10,2,4,7,,,1,6,9,5,3,,8,7,,10,5,2,8,4,,,,6,3,,9,1,,,8,10,3,6,,1,4,2,,9,7,,5,,1,,9,,7,8,,10,,5,,2,3,6,,4,,5,,6,10,,,8,9,3,,,2,4,,7,,,1,7,10,,5,8,6,,3,4,9,1,,,,,2,5,,,,8,6,,3,9,,10,7,,4,2,1,6,3,,9,8,2,4,,1,,,5,7,10,7,,8,1,6,2,3,9,5,4,,10,,10,6,9,8,4,2,7,,,3,5,1,10,9,,6,7,5,2,1,8,3,4,8,,,,,,3,,6,,,,4,10,5,7,9,2,1,,7,,8,3,9,6,,,,4,,,,2,1,10,,5,7,9,10,,,5,8,2,1,4,6,3,4,8,5,,,9,1,7,,6,,3,10,2,,1,2,5,6,10,9,4,8,7,,,3,,,8,4,2,9,,3,1,5,,,7,,,,6,10,1,9,3,7,5,10,,8,6,4,2,10,8,5,2,9,6,3,,4,1,7,,7,6,10,9,2,,,3,1,4,8,5
3,,9,1,8,2,4,,6,5,10,,7,,,,,3,6,,,9,2,,,,8,4,,,1,10,5,,,7,4,,10,8,,5,,,,2,7,,1,6,3,9,,,,8,1,,,,,5,7,10,2,9,,6,,,3,4,,10,,8,5,1,3,,,7,6,2,4,9,9,1,,,3,,,5,7,10,2,4,8,6,,10,2,4,7,,,1,6,9,5,3,,8,7,,10,5,2,8,4,,,,6,3,,9,1,,10,6,9,1,8,2,,5,3,,,7,,4,,1,,9,,7,8,,10,,5,,2,3,6,,4,,5,,6,10,,,8,9,3,,,2,4,,7,,,1,7,10,,5,8,6,,3,4,9,1,,,,,2,5,,,,8,6,,3,9,,10,7,,4,2,1,6,3,,9,8,2,4,,1,,,5,7,10,7,,8,1,6,2,3,9,5,4,,10,,10,6,9,8,4,2,7,,,3,5,1,10,9,,6,7,5,2,1,8,3,4,7,,,,,,3,,6,,,,4,10,5,8,9,2,1,,7,,8,3,9,6,,,,4,,,,2,1,10,,5,7,9,10,,,5,8,2,1,4,6,3,4,8,5,,,9,1,7,,6,,3,10,2,,1,2,5,6,10,9,4,8,7,,,3,,,8,4,2,9,,3,1,5,,,7,,,,6,10,1,9,3,7,5,10,,8,6,4,2,10,8,5,2,9,6,3,,4,1,7,,7,6,10,9,2,,,3,1,4,8,5
3,,9,1,8,2,4,,6,5,10,,7,,,,,4,6,,,2,3,,,,9,5,,,1,10,7,,,8,4,,10,8,,5,,,,2,7,,1,6,3,9,,,,8,1,,,,,5,7,9,2,10,,6,,,3,4,,10,,8,5,1,3,,,7,6,2,4,9,9,1,,,3,,,5,7,10,2,4,8,6,,10,2,4,7,,,1,6,9,5,3,,8,7,,10,5,2,8,4,,,,6,3,,9,1,,10,6,9,1,8,2,,5,3,,,7,,4,,1,,9,,7,8,,10,,5,,2,3,6,,4,,6,,5,10,,,8,9,3,,,2,4,,7,,,1,7,10,,5,8,6,,3,4,9,1,,,,,2,5,,,,8,6,,3,9,,10,7,,4,2,1,6,3,,9,8,2,4,,1,,,5,7,10,7,10,8,1,6,2,3,9,5,4,,,,10,6,9,8,4,2,7,,,3,5,1,10,8,,6,9,5,2,1,7,3,4,7,,,,,,3,,6,,,,4,10,5,8,9,2,1,,7,,8,3,9,6,,,,4,,,,2,1,10,,5,7,9,10,,,5,8,2,1,4,6,3,4,8,5,,,9,1,7,,6,,3,10,2,,1,2,5,6,10,9,4,8,7,,,3,,,8,4,2,9,,3,1,5,,,7,,,,6,10,1,9,3,7,5,8,,10,6,4,2,10,8,5,2,9,6,3,,4,1,7,,7,6,10,9,2,,,3,1,4,8,5
3,,9,1,8,2,4,,6,5,10,,7,,,,,4,5,,,2,3,,,,9,6,,,1,10,7,,,8,4,,10,8,,5,,,,2,7,,1,6,3,9,,,,8,1,,,,,5,7,9,2,10,,6,,,3,4,,10,,8,5,1,3,,,7,6,2,4,9,9,1,,,3,,,5,7,10,2,4,8,6,,10,2,4,7,,,1,6,9,5,3,,8,7,,10,5,2,8,4,,,,6,3,,9,1,,10,6,9,1,8,2,,5,3,,,7,,4,,1,,9,,7,8,,10,,5,,2,3,6,,4,,6,,5,10,,,8,9,3,,,2,4,,7,,,1,7,10,,5,8,6,,3,4,9,1,,,,,2,5,,,,8,6,,3,9,,10,7,,4,2,1,6,3,,9,8,2,4,,1,,,5,7,10,7,10,8,1,6,2,3,9,5,4,,,,10,6,9,8,4,3,7,,,2,5,1,10,8,,6,9,5,2,1,7,3,4,6,,,,,,3,,7,,,,4,10,5,8,9,2,1,,7,10,8,3,9,5,,,,4,,,,2,1,,,6,7,9,10,,,5,8,2,1,4,6,3,4,8,5,,,9,1,7,,6,,3,10,2,,1,2,5,6,10,9,4,8,7,,,3,,,8,4,2,9,,3,1,5,,,7,,,,6,10,1,8,3,7,5,10,,9,6,4,2,10,8,5,2,9,6,3,,4,1,7,,7,6,10,9,2,,,3,1,4,8,5
3,,9,1,8,2,4,,6,5,10,,7,,,,,4,3,,,9,2,,,,7,5,,,1,10,6,,,8,4,,10,8,,5,,,,2,7,,1,6,3,9,,,,8,1,,,,,5,7,9,2,10,,6,,,3,4,,10,,8,5,1,3,,,7,6,2,4,9,9,1,,,3,,,5,7,10,2,4,8,6,,10,2,4,7,,,1,6,9,5,3,,8,7,,10,5,2,8,4,,,,6,3,,9,1,,,7,10,1,9,2,,6,3,,,8,4,5,,1,,9,,7,8,,10,,5,,2,3,6,,4,,5,,6,10,,,8,9,3,,,2,4,,7,,,1,7,10,,5,8,6,,3,4,9,1,,,,,2,5,,,,8,6,,3,9,,10,7,,4,2,1,6,3,,9,8,2,4,,1,,,5,7,10,7,,8,1,6,2,3,9,5,4,,10,,,6,9,8,4,3,7,,10,2,5,1,10,9,,6,7,5,2,1,8,3,4,6,,,,,,5,,7,,,,3,10,4,8,9,2,1,,7,,8,3,9,5,,,,4,,,,2,1,10,,6,7,9,10,,,5,8,2,1,4,6,3,4,8,5,,,9,1,7,,6,,3,10,2,,1,2,5,6,10,9,4,8,7,,,3,,,8,4,2,9,,3,1,5,,,7,,,,6,10,1,9,3,7,5,8,,10,6,4,2,10,8,5,2,9,6,3,,4,1,7,,7,6,10,9,2,,,3,1,4,8,5
3,,8,1,9,2,4,,6,5,10,,7,,,,,5,4,,,3,2,,,10,,6,,,1,9,7,,,8,6,,,9,,7,,,4,2,8,,1,5,3,10,,,,8,1,,,,,5,7,9,2,10,,6,,,3,4,,10,,8,5,1,3,,,7,6,2,4,9,8,1,,10,3,,,5,7,9,2,4,,6,,10,2,4,7,,,1,6,9,5,3,,8,6,,9,5,2,8,4,,,,7,3,,10,1,,10,6,8,1,9,2,,5,3,,,7,,4,,1,,9,,7,8,,10,,5,,2,3,6,,4,,6,,5,10,,,8,9,3,,,2,4,,7,,,1,7,10,,5,8,6,,3,4,9,1,,,,,2,5,,,,8,6,,2,9,,10,7,,4,3,1,6,3,,9,8,2,4,,1,,,5,7,10,7,10,8,1,6,2,3,,5,4,9,,,,6,8,9,3,4,7,,10,2,5,1,10,7,,6,8,5,2,1,9,3,4,6,,,,,,5,,7,,,,3,10,4,8,9,2,1,,7,,8,3,9,6,,,,4,,,,2,1,10,,5,7,9,,10,,5,8,2,1,4,6,3,4,8,5,,,9,1,7,,6,,3,10,2,,1,2,5,6,10,9,4,8,7,,,3,,,8,4,2,9,,3,1,5,,,7,,,,6,10,1,9,3,7,5,8,,10,6,4,2,10,8,5,2,9,6,3,,4,1,7,,5,6,9,8,2,10,,3,1,4,7,
3,,8,1,9,2,4,,5,6,10,,7,,,,,4,3,,,8,2,,,10,,5,,,1,9,6,,,7,4,,10,8,,5,,,,2,7,,1,6,3,9,,,,8,1,,,,,5,7,9,2,10,,6,,,3,4,,10,,8,5,1,3,,,7,6,2,4,9,10,1,,,3,,,5,7,9,2,4,8,6,,10,2,4,7,,,1,6,9,5,3,,8,7,,9,5,2,8,4,,,,6,3,,10,1,,10,6,9,1,8,2,,5,3,,,7,,4,,1,,9,,7,8,,10,,5,,2,3,6,,4,,5,,6,10,,,8,9,3,,,2,4,,7,,,1,7,10,,5,8,6,,3,4,9,1,,,,,2,5,,,,8,6,,2,9,,10,7,,4,3,1,6,3,,9,8,2,4,,1,,,5,7,10,7,,8,1,6,2,3,9,5,4,,10,,,5,8,9,3,4,7,,10,1,6,2,9,8,,6,7,5,2,1,10,3,4,5,,,,,,6,,7,,,,3,10,4,9,8,2,1,,7,,10,2,8,6,,,,4,,,,1,3,9,,5,7,9,,10,,5,8,2,1,4,6,3,4,8,5,,,9,1,7,,6,,3,10,2,,1,2,5,6,10,9,4,8,7,,,3,,,8,4,2,9,,3,1,5,,,7,,,,6,10,1,9,3,8,5,7,,10,6,4,2,10,8,5,2,9,6,3,,4,1,7,,5,6,9,8,2,10,,3,1,4,7,
3,,8,1,9,2,4,,5,6,10,,7,,,,,4,3,,,9,2,,,,,5,,10,1,8,6,,,7,4,,10,8,,5,,,,2,7,,1,6,3,9,,,,9,1,,,,,5,7,8,2,10,,6,,,3,4,,10,,7,5,1,3,,,8,6,2,4,9,,1,,10,3,,,5,7,9,2,4,8,6,,10,2,4,7,,,1,6,9,5,3,,8,6,,8,5,2,9,4,,,,7,3,10,,1,,10,6,8,1,9,2,,5,3,,,7,,4,,1,,9,,7,8,,10,,5,,2,3,6,,4,,5,,6,10,,,8,9,3,,,2,4,,7,,,1,7,10,,5,8,6,,3,4,9,1,,,,,2,5,,,,8,6,,2,9,,10,7,,4,3,1,6,3,,10,8,2,4,,1,,,5,7,9,7,,8,1,6,2,3,9,5,4,,10,,,5,8,9,2,4,7,,10,1,6,3,9,8,,6,7,5,2,1,10,3,4,3,,,,,,7,,6,,,,4,10,5,9,8,2,1,,10,,9,2,7,6,,,,3,,,,1,4,8,,5,8,9,,10,,5,7,2,1,4,6,3,4,8,5,,,9,1,7,,6,,3,10,2,,1,2,5,6,10,,4,8,7,,,3,9,,7,4,2,8,,3,1,5,,,6,,,,9,10,1,9,3,7,5,8,,10,6,4,2,10,8,5,2,9,6,4,,3,1,7,,5,8,9,7,2,10,,3,1,4,6,
3,,8,1,9,2,4,,5,7,10,,6,,,,,5,4,,,,1,3,,,,6,,10,2,9,7,,,8,4,,9,10,,5,,,,2,7,,1,6,3,8,,,,,1,,6,,,5,8,9,2,,,7,10,,3,4,,10,,7,5,1,3,,,8,6,2,4,9,,1,,10,3,,,5,7,8,2,4,9,6,,,2,4,7,,,1,6,9,5,3,10,8,6,,9,5,2,,4,,,,7,3,10,,1,8,10,6,7,2,9,1,,5,3,,,8,,4,,1,,9,,7,8,,10,,5,,2,3,6,,4,,5,,6,10,,,8,9,3,,,2,4,,7,,,1,7,10,,5,8,6,,3,4,9,1,,,,,2,5,,,,7,6,,2,9,,10,8,,4,3,1,6,3,,10,,2,4,8,1,,,5,7,9,7,,8,1,6,2,3,9,5,4,,10,,,4,8,9,2,5,7,,10,1,6,3,9,8,,6,7,5,2,1,10,3,4,2,,,,,,10,,6,,,,4,9,5,8,7,3,1,,,,8,2,7,6,10,,,3,,,,1,4,9,,5,8,9,,,10,5,7,2,1,4,6,3,4,8,5,,,9,1,7,,6,,3,10,2,,1,2,5,6,10,,4,8,7,,,3,9,,6,4,2,7,,3,1,8,,,5,,,,10,9,1,8,3,7,5,9,10,,6,4,2,10,7,5,2,8,9,3,,4,1,6,,5,8,9,7,2,10,,3,1,4,6,
3,,7,1,9,2,4,,5,8,10,,6,,,,,5,4,,,,1,3,,,,6,,10,2,9,7,,,8,4,,9,10,,5,,,,2,7,,1,6,3,8,,,,,1,,8,,,5,7,9,2,,,6,10,,4,3,10,9,,7,5,1,3,,,,6,2,4,8,,1,,10,3,8,,5,7,9,2,4,,6,,,2,4,7,,,1,6,9,5,3,10,8,6,,10,5,2,,4,,,9,7,3,,,1,8,10,6,7,2,9,1,,5,3,,,8,,4,,1,,9,,7,8,,10,,5,,2,3,6,,4,,5,,6,10,,,8,9,2,,,3,4,,7,,,1,7,,10,5,8,6,,3,4,9,1,,,,,2,5,,,,7,6,,2,9,,10,8,,4,3,1,6,3,,,10,2,4,8,1,,,5,7,9,7,,8,1,6,2,3,9,5,4,,10,,,4,8,9,2,5,7,,10,1,6,3,9,8,10,6,7,5,2,1,,3,4,2,,,,,,8,,6,,,,4,9,5,10,7,3,1,7,,,9,2,6,4,10,,,3,,,,1,,8,,5,10,9,,,8,5,7,2,1,3,6,4,4,8,5,,,9,1,7,,6,,3,10,2,,1,2,5,7,10,,4,9,8,,,3,6,,6,4,2,7,,3,1,9,,,5,,10,,,8,1,9,3,7,5,8,10,,6,4,2,9,7,5,2,8,10,3,,4,1,6,,5,8,9,7,2,10,,3,1,4,6,
3,,8,1,7,2,4,,5,10,9,,6,,,,,5,4,,,,1,3,8,,,6,,,2,10,7,,,9,5,,10,,,6,,,,2,8,4,1,7,3,9,,,,,1,,9,,,6,7,8,2,,,5,10,,4,3,9,10,,7,5,1,3,,,,6,2,4,8,,1,,10,3,9,,5,7,8,2,4,,6,,,2,4,7,,,1,6,9,5,3,10,8,7,,,5,2,,4,10,,9,8,3,,,1,6,10,6,7,2,8,1,,5,3,,,9,,4,,1,,9,,7,8,,10,,5,,2,3,6,,4,,3,,5,10,,,7,9,2,,,8,4,,6,,,1,8,,7,5,9,6,,3,4,10,1,,,,,2,5,,,,7,6,,2,8,,9,10,,4,3,1,6,3,,,10,2,4,7,1,,,5,8,9,7,,8,1,6,2,3,9,5,4,,10,,10,3,7,8,2,5,9,,,1,6,4,9,8,10,6,7,5,2,1,,3,4,2,10,,,,,9,,6,,,,4,8,5,,7,3,1,6,,,10,2,7,4,9,,,3,,,,1,,8,,5,,9,,10,8,5,7,2,1,3,6,4,4,8,5,,,9,1,7,,6,,3,10,2,,1,2,5,7,10,,4,9,8,,,3,6,,6,4,2,7,10,3,1,,,,5,,9,,,8,1,8,3,7,5,9,10,,6,4,2,9,7,5,2,8,10,4,,3,1,6,,5,10,8,7,2,9,,3,1,4,6,
2,9,8,1,6,3,4,,5,,10,,7,,,9,,3,,,,,2,,,,,4,,8,1,7,5,10,,6,6,5,,,,7,,9,,2,10,4,1,8,3,,,,,,,,,,,7,6,8,1,,10,5,9,3,4,2,4,,,9,5,1,3,,7,,6,2,8,10,,1,4,8,,,10,6,7,,2,3,,5,9,9,2,,6,,,1,5,8,4,3,10,7,6,,9,4,,,3,8,,5,7,2,10,,1,,,6,10,3,,1,,4,2,7,9,,,5,8,,,,8,5,6,,7,10,3,9,1,2,4,,,8,2,,3,7,10,,4,6,1,,,,,,5,9,,,,,6,5,,8,,3,4,,1,10,9,7,,2,7,,,,9,8,1,3,10,,,,6,5,4,2,6,3,,9,,2,4,7,1,,,5,10,8,7,,8,1,6,3,2,9,4,5,,10,,6,3,7,10,2,4,9,,,1,5,8,8,9,10,6,7,5,2,1,,3,4,,,,,3,,1,,7,10,,6,5,9,4,,8,2,,,,,3,2,7,5,9,,10,4,,,,1,,8,,6,,9,3,10,,6,8,2,1,4,7,5,4,8,5,,,10,1,7,9,6,,3,,2,,1,2,7,8,,4,6,10,9,,,3,,5,7,5,2,8,,3,1,,,10,6,4,,,,9,1,9,3,8,5,7,,10,6,4,2,10,7,5,2,8,9,3,,4,1,6,,6,,9,8,3,10,1,4,2,5,7,
